-- phpMyAdmin SQL Dump
-- version 5.2.0
-- https://www.phpmyadmin.net/
--
-- Host: mysql_db
-- Generation Time: Jan 12, 2023 at 03:24 PM
-- Server version: 5.7.40
-- PHP Version: 8.0.19

SET SQL_MODE = "NO_AUTO_VALUE_ON_ZERO";
START TRANSACTION;
SET time_zone = "+00:00";


/*!40101 SET @OLD_CHARACTER_SET_CLIENT=@@CHARACTER_SET_CLIENT */;
/*!40101 SET @OLD_CHARACTER_SET_RESULTS=@@CHARACTER_SET_RESULTS */;
/*!40101 SET @OLD_COLLATION_CONNECTION=@@COLLATION_CONNECTION */;
/*!40101 SET NAMES utf8mb4 */;

CREATE USER 'keyrock'@'localhost' IDENTIFIED BY 'keyrock';
GRANT ALL PRIVILEGES ON *.* TO 'keyrock'@'localhost' WITH GRANT OPTION;
CREATE USER 'keyrock'@'%' IDENTIFIED BY 'keyrock';
GRANT ALL PRIVILEGES ON *.* TO 'keyrock'@'%' WITH GRANT OPTION;
FLUSH PRIVILEGES;

--
-- Database: `idm`
--

-- --------------------------------------------------------

--
-- Table structure for table `authzforce`
--

CREATE TABLE `authzforce` (
  `az_domain` varchar(255) NOT NULL,
  `policy` char(36) CHARACTER SET latin1 COLLATE latin1_bin DEFAULT NULL,
  `version` int(11) DEFAULT NULL,
  `oauth_client_id` varchar(36) DEFAULT NULL
) ENGINE=InnoDB DEFAULT CHARSET=latin1;

-- --------------------------------------------------------

--
-- Table structure for table `auth_token`
--

CREATE TABLE `auth_token` (
  `access_token` varchar(255) NOT NULL,
  `expires` datetime DEFAULT NULL,
  `valid` tinyint(1) DEFAULT NULL,
  `user_id` varchar(36) DEFAULT NULL,
  `pep_proxy_id` varchar(255) DEFAULT NULL
) ENGINE=InnoDB DEFAULT CHARSET=latin1;

--
-- Dumping data for table `auth_token`
--

INSERT INTO `auth_token` (`access_token`, `expires`, `valid`, `user_id`, `pep_proxy_id`) VALUES
('00d0ceb4-1a3b-4370-ae92-431ec39f7ad4', '2022-12-18 08:39:29', 1, 'admin', NULL),
('0156cb8c-514e-4a51-9738-a110d62771d1', '2023-01-01 17:00:15', 1, NULL, 'pep_proxy_6b7a2797-000c-4690-b583-4975aa1046d7'),
('017df03d-4889-4e50-9033-77b07e7fe11d', '2022-12-25 10:36:26', 1, NULL, 'pep_proxy_6b7a2797-000c-4690-b583-4975aa1046d7'),
('01fa5cdc-93cf-497c-8453-417249293241', '2022-12-26 12:11:59', 1, NULL, 'pep_proxy_6b7a2797-000c-4690-b583-4975aa1046d7'),
('0200da93-584f-4b7b-9ab6-6f6010378081', '2023-01-06 18:14:44', 1, 'admin', NULL),
('024591f8-376c-40c7-ba5c-ca6e68bd630d', '2023-01-06 13:47:54', 1, 'admin', NULL),
('02475145-f98f-4330-a464-a1d4e253e82f', '2022-12-27 12:37:29', 1, 'admin', NULL),
('03194f15-7b15-45be-a616-d722b096ff97', '2022-12-19 16:50:44', 1, 'admin', NULL),
('04333b14-0a2d-4913-9c5a-f55a278b0fe1', '2023-01-04 21:09:58', 1, NULL, 'pep_proxy_6b7a2797-000c-4690-b583-4975aa1046d7'),
('043cb23b-35c0-442c-b4ea-c9ba539ed52e', '2022-12-26 11:01:48', 1, NULL, 'pep_proxy_6b7a2797-000c-4690-b583-4975aa1046d7'),
('04c3bb02-c109-4f39-8ce1-efbb0ea86f82', '2022-12-29 15:45:45', 1, NULL, 'pep_proxy_6b7a2797-000c-4690-b583-4975aa1046d7'),
('04f1ecc0-0465-467e-85f9-70099a6e7561', '2022-12-19 12:04:08', 1, 'admin', NULL),
('058d7c42-2c6a-4814-98e8-95fe4f4de02d', '2023-01-07 18:35:39', 1, 'admin', NULL),
('05e8ef0b-3514-4630-aa6a-f528cad88fbc', '2022-12-19 17:55:41', 1, 'admin', NULL),
('067b1b43-31bd-4880-aa75-36a44198a742', '2022-12-22 21:11:56', 1, 'admin', NULL),
('06e6fed4-996d-4e63-b6fd-7b580404c72e', '2022-12-19 19:08:18', 1, 'admin', NULL),
('070dc8e0-b397-4451-8c5d-fde9832e82ce', '2022-12-25 19:21:30', 1, NULL, 'pep_proxy_6b7a2797-000c-4690-b583-4975aa1046d7'),
('07dc9e4c-b25c-41b9-b828-3bb181f4435e', '2022-12-25 17:28:05', 1, 'admin', NULL),
('089d7ce0-e4bb-4b4d-95aa-90dcfa03f0d6', '2023-01-06 18:14:38', 1, NULL, 'pep_proxy_6b7a2797-000c-4690-b583-4975aa1046d7'),
('0916eab8-617d-4b64-a0c7-af966ecb25ca', '2023-01-06 20:15:29', 1, NULL, 'pep_proxy_6b7a2797-000c-4690-b583-4975aa1046d7'),
('095bcdc9-274c-423c-8617-fcc9d0d4b6d5', '2022-12-19 15:12:06', 1, 'admin', NULL),
('0973fdbc-c168-463b-af82-6b3765a7580e', '2023-01-06 20:27:31', 1, NULL, 'pep_proxy_6b7a2797-000c-4690-b583-4975aa1046d7'),
('09c70978-e8dd-4d5e-b8e6-e5b001b22c40', '2022-12-19 15:06:48', 1, 'admin', NULL),
('0a29aca7-1f12-4651-8f9a-0dddef4a325f', '2022-12-19 18:55:50', 1, 'admin', NULL),
('0a6151f3-f9ce-4e67-9555-67ab90eead6f', '2022-12-21 14:34:32', 1, 'admin', NULL),
('0abad11b-402b-48cc-8951-4beb47ab4e0a', '2022-12-25 17:27:47', 1, NULL, 'pep_proxy_6b7a2797-000c-4690-b583-4975aa1046d7'),
('0b4d4bd9-eb7d-4a06-8778-98f015066424', '2022-12-27 10:52:38', 1, 'admin', NULL),
('0b54fe9f-a807-4142-a6f1-5b0801b6dfaa', '2022-12-19 18:58:22', 1, 'admin', NULL),
('0b5aa890-dac5-454f-9146-f7b003656e7c', '2023-01-06 21:03:07', 1, 'admin', NULL),
('0c64016f-3d2d-4d4c-8827-f6b6034d6425', '2022-12-25 17:30:08', 1, 'admin', NULL),
('0d035233-9ca8-41ca-b96e-c37a60e44139', '2023-01-06 20:09:38', 1, NULL, 'pep_proxy_6b7a2797-000c-4690-b583-4975aa1046d7'),
('0d1f3534-4fe9-41de-8f90-e363ab2f11c8', '2022-12-25 12:02:09', 1, 'admin', NULL),
('0dc9d1ce-611a-44fa-a90d-453b7b8622e0', '2022-12-29 16:03:30', 1, 'admin', NULL),
('0e0fd1bb-54a6-4651-b16e-35ebe9903f19', '2022-12-25 12:16:01', 1, 'admin', NULL),
('0e4cc11c-784e-4e1b-bb25-fbd6c1818af4', '2023-01-06 17:31:24', 1, 'admin', NULL),
('0f1be5a1-8702-46f3-8f08-31dcff37faec', '2022-12-21 14:43:33', 1, 'admin', NULL),
('0f38e74a-11e9-454f-97e0-b10db51c6ead', '2022-12-19 18:54:11', 1, 'admin', NULL),
('0fb62378-5b4f-42ec-a3f7-89cb333d69e6', '2023-01-04 21:09:58', 1, NULL, 'pep_proxy_6b7a2797-000c-4690-b583-4975aa1046d7'),
('1015fc9f-c68f-4e12-8be3-a8ee2a96323c', '2023-01-06 18:33:11', 1, NULL, 'pep_proxy_6b7a2797-000c-4690-b583-4975aa1046d7'),
('106036d4-aea4-4406-bb6f-40a9daeeac62', '2022-12-26 11:18:25', 1, NULL, 'pep_proxy_6b7a2797-000c-4690-b583-4975aa1046d7'),
('10de3c76-da1f-4b22-87e4-fc7a401c939d', '2022-12-26 11:20:14', 1, 'admin', NULL),
('1129d0c2-8bd6-4bfb-94cb-68e86049c859', '2022-12-25 11:31:55', 1, 'admin', NULL),
('11348da9-6005-43c6-b71d-2ffe0c0b2233', '2023-01-07 20:31:24', 1, 'admin', NULL),
('113a3123-9205-4826-be7a-efb28ee51176', '2022-12-19 17:26:15', 1, 'admin', NULL),
('115525ef-beff-4d34-97c5-4781cd6bfb42', '2022-12-21 14:34:30', 1, 'admin', NULL),
('11879382-d57c-44d6-97eb-5f0a3c213534', '2022-12-29 15:38:03', 1, 'admin', NULL),
('12312d51-e575-4859-a28f-97fa5c30f366', '2023-01-06 18:12:39', 1, 'admin', NULL),
('129b66ef-16a5-44b3-b67c-4b698fc62b7c', '2022-12-29 13:21:29', 1, 'admin', NULL),
('1309fcb0-a174-4dc0-8394-9bbcccf2d9f4', '2022-12-29 12:25:03', 1, 'admin', NULL),
('132290c9-87d9-4a04-855e-cb3a7a826d80', '2023-01-07 18:19:02', 1, NULL, 'pep_proxy_6b7a2797-000c-4690-b583-4975aa1046d7'),
('1428c8b8-03ac-474f-b4a2-93ab810cd7a7', '2022-12-19 12:04:41', 1, 'admin', NULL),
('14920fec-f287-4cbc-9c32-c989445e701e', '2022-12-21 14:30:58', 1, 'admin', NULL),
('14ad6408-7889-4c9f-ab21-2d0abc3db6a1', '2022-12-19 17:52:41', 1, 'admin', NULL),
('15078134-aef1-42d1-9736-7b925776b768', '2022-12-25 17:29:03', 1, NULL, 'pep_proxy_6b7a2797-000c-4690-b583-4975aa1046d7'),
('1518a542-c5ff-4289-9fa6-21d236ffcaee', '2022-12-25 18:24:46', 1, NULL, 'pep_proxy_6b7a2797-000c-4690-b583-4975aa1046d7'),
('15d44663-b3e4-487a-90c5-776a21fcbac5', '2022-12-21 14:34:53', 1, 'admin', NULL),
('1623f925-8309-4563-9bd1-066609de125c', '2023-01-06 18:19:00', 1, NULL, 'pep_proxy_6b7a2797-000c-4690-b583-4975aa1046d7'),
('16406a56-df2e-4aec-8835-f862afaf4f7b', '2022-12-21 14:47:30', 1, 'admin', NULL),
('181c9878-0bce-476b-92ec-1d052c75ea6f', '2022-12-19 17:54:22', 1, 'admin', NULL),
('1869f421-16e1-45d5-9325-729598343e6b', '2022-12-31 13:16:54', 1, NULL, 'pep_proxy_6b7a2797-000c-4690-b583-4975aa1046d7'),
('18a95aba-a29b-445d-befd-6e6d91686fd4', '2023-01-06 13:19:56', 1, NULL, 'pep_proxy_6b7a2797-000c-4690-b583-4975aa1046d7'),
('18e15ffb-df83-4cd9-9025-748152b3525b', '2022-12-31 12:49:33', 1, 'admin', NULL),
('19717176-2bf0-463c-9171-f151d64ffc95', '2022-12-19 16:54:09', 1, 'admin', NULL),
('198a0933-f249-4ed6-b079-25c5c2473929', '2022-12-27 12:48:40', 1, NULL, 'pep_proxy_6b7a2797-000c-4690-b583-4975aa1046d7'),
('19923780-d646-4ba0-9723-a182dc7ba82f', '2022-12-19 18:06:32', 1, 'admin', NULL),
('1aaf1d35-f72b-4f31-8a2b-72f98dbf894b', '2022-12-25 10:47:48', 1, 'admin', NULL),
('1b9b0fb3-8378-4972-b74a-42a715ade755', '2022-12-25 10:49:52', 1, 'admin', NULL),
('1c4d519d-b227-4c53-96bb-707358307ba6', '2023-01-07 17:26:40', 1, 'admin', NULL),
('1c5c806c-46f0-414e-9691-82f69abdc247', '2022-12-21 14:43:12', 1, 'admin', NULL),
('1cda7a7a-a551-46ed-b437-ed5cecf0572b', '2022-12-19 18:05:58', 1, 'admin', NULL),
('1d35a050-05e0-40a7-9ef2-0a846c6f0eaf', '2023-01-06 18:38:56', 1, NULL, 'pep_proxy_6b7a2797-000c-4690-b583-4975aa1046d7'),
('1dbf937b-0ec8-461f-9733-da33146ef29d', '2023-01-06 20:32:27', 1, NULL, 'pep_proxy_6b7a2797-000c-4690-b583-4975aa1046d7'),
('1e1f468a-c7fa-4232-941d-aa818ae0c4e1', '2023-01-07 18:40:45', 1, 'admin', NULL),
('1e339fdb-bc79-4dfd-8a2e-4aa0f2a33815', '2023-01-07 20:17:51', 1, 'admin', NULL),
('1ea9ce72-d803-4808-a7d2-21378d1c3f4f', '2022-12-21 14:30:58', 1, 'admin', NULL),
('1eae0e70-fd9a-4c79-a92f-cbf4e01d2846', '2022-12-25 18:12:17', 1, 'admin', NULL),
('20b3de7e-436c-4c64-a314-39cda6e9aef8', '2023-01-06 17:35:09', 1, NULL, 'pep_proxy_6b7a2797-000c-4690-b583-4975aa1046d7'),
('20e85b21-b179-408b-be53-3ec075b74dac', '2023-01-05 11:03:35', 1, NULL, 'pep_proxy_6b7a2797-000c-4690-b583-4975aa1046d7'),
('211339b7-a57a-43c5-9afe-9417dac3c8e2', '2022-12-27 10:40:15', 1, 'admin', NULL),
('21de469d-3428-4623-a662-41e0ed670a26', '2022-12-19 12:16:11', 1, 'admin', NULL),
('2200ed0d-9f1b-480c-a24e-9dd2bf84f08f', '2022-12-26 10:35:55', 1, 'admin', NULL),
('22ba1faf-e846-468c-ad7a-3e907849973f', '2022-12-25 19:11:34', 1, NULL, 'pep_proxy_6b7a2797-000c-4690-b583-4975aa1046d7'),
('23570da7-042a-4e21-80ef-5ea9477a9e93', '2022-12-25 12:17:42', 1, NULL, 'pep_proxy_6b7a2797-000c-4690-b583-4975aa1046d7'),
('23f88132-942c-4d4a-b702-a425251f9d02', '2022-12-25 18:06:34', 1, NULL, 'pep_proxy_6b7a2797-000c-4690-b583-4975aa1046d7'),
('240372bb-f818-44eb-b29b-474439913607', '2023-01-07 18:52:41', 1, 'admin', NULL),
('2459cf1e-3f28-4d6c-946c-1bec56e4266b', '2022-12-31 11:13:11', 1, 'admin', NULL),
('25e3b40d-d270-427c-af5f-09d85a2d56ec', '2022-12-27 10:46:28', 1, 'admin', NULL),
('2672f519-d1f9-4fee-ba5d-033aa3fa154a', '2022-12-19 11:42:33', 1, 'admin', NULL),
('2696da80-2def-4767-b5b2-4a03d0251711', '2023-01-06 20:35:28', 1, NULL, 'pep_proxy_6b7a2797-000c-4690-b583-4975aa1046d7'),
('26a10321-8e85-4bd6-a4b4-82344194c216', '2022-12-22 21:12:02', 1, 'admin', NULL),
('26cdd6e5-31de-4a34-93f5-aea1a84e5000', '2022-12-25 18:01:44', 1, 'admin', NULL),
('28eb4fb9-9260-4f11-8ffc-a578f8f7e0d8', '2022-12-29 15:41:22', 1, NULL, 'pep_proxy_6b7a2797-000c-4690-b583-4975aa1046d7'),
('2927249d-cfaa-43a2-bb21-85488d6cee18', '2022-12-27 10:48:54', 1, 'admin', NULL),
('295bf7da-407a-4394-a873-f2289000d7b7', '2023-01-05 18:04:44', 1, NULL, 'pep_proxy_6b7a2797-000c-4690-b583-4975aa1046d7'),
('297e8b79-e9a8-487e-99f8-ae4f27213853', '2022-12-31 13:15:30', 1, NULL, 'pep_proxy_6b7a2797-000c-4690-b583-4975aa1046d7'),
('2992fb72-979b-44e9-a0e0-8b7b3c9c3f80', '2022-12-25 10:53:39', 1, 'admin', NULL),
('29cc2fa0-6305-44f7-8935-f6445455366f', '2023-01-06 20:39:51', 1, 'admin', NULL),
('2aef4e9a-f37e-4b5e-9e96-d6978a51a1c9', '2022-12-19 19:06:57', 1, 'admin', NULL),
('2b1a7fca-be22-4643-b3f1-7bf44b1e5be7', '2023-01-06 18:16:55', 1, NULL, 'pep_proxy_6b7a2797-000c-4690-b583-4975aa1046d7'),
('2b5c5f93-d95a-4de5-93df-b94c1fa459b6', '2022-12-26 11:15:47', 1, NULL, 'pep_proxy_6b7a2797-000c-4690-b583-4975aa1046d7'),
('2b77d888-117e-4c6f-9831-2ce2b1656f4f', '2022-12-25 19:17:08', 1, NULL, 'pep_proxy_6b7a2797-000c-4690-b583-4975aa1046d7'),
('2bc30634-a405-4511-991c-2faa620138d9', '2022-12-26 10:53:23', 1, 'admin', NULL),
('2cd84df0-9018-47fc-861c-43c7489cfecf', '2022-12-27 10:42:37', 1, 'admin', NULL),
('2d0bf608-82c9-4245-980b-a49b04b8eaa2', '2022-12-18 09:15:09', 1, 'admin', NULL),
('2de9fac4-0ced-47d0-a769-57e01a45dcbe', '2022-12-27 12:37:24', 1, NULL, 'pep_proxy_6b7a2797-000c-4690-b583-4975aa1046d7'),
('2e22a14f-8aea-43fb-8e03-b1b730cfd039', '2022-12-27 10:51:51', 1, NULL, 'pep_proxy_6b7a2797-000c-4690-b583-4975aa1046d7'),
('2eeadff4-e4a2-46b4-9dbc-f3a1e6a7c861', '2022-12-19 12:02:47', 1, 'admin', NULL),
('2f13d2ee-61c8-43c6-993e-c928418ae283', '2022-12-19 18:15:35', 1, 'admin', NULL),
('2f15dbbc-7dee-4de1-aa5c-a40bf0a1c7ec', '2023-01-06 17:38:58', 1, NULL, 'pep_proxy_6b7a2797-000c-4690-b583-4975aa1046d7'),
('2f361ac0-88ae-4d6a-9213-2aa0a63ed576', '2023-01-06 17:31:16', 1, NULL, 'pep_proxy_6b7a2797-000c-4690-b583-4975aa1046d7'),
('2f46e866-a53b-4da7-9975-97fd8c5bb92c', '2022-12-19 15:21:39', 1, 'admin', NULL),
('2f6f03f0-1fb8-4ac6-9988-12226216531c', '2023-01-06 18:38:56', 1, NULL, 'pep_proxy_6b7a2797-000c-4690-b583-4975aa1046d7'),
('2fb8ac78-01a6-47bf-babd-d830d703d8f4', '2022-12-25 17:52:21', 1, 'admin', NULL),
('2ff41434-cba5-4bd3-9c6b-32af40c03f58', '2022-12-21 14:46:05', 1, 'admin', NULL),
('309dac74-43d2-4940-80f8-d3761be36082', '2023-01-06 20:35:27', 1, NULL, 'pep_proxy_6b7a2797-000c-4690-b583-4975aa1046d7'),
('312044bc-6583-41c1-80f4-c086f4ef8785', '2022-12-19 16:48:57', 1, 'admin', NULL),
('3239ba7f-8818-4aa4-9f4b-7ae4c0aef4ea', '2023-01-06 20:30:54', 1, NULL, 'pep_proxy_6b7a2797-000c-4690-b583-4975aa1046d7'),
('3296e327-ecf5-4711-b9af-d695e1123558', '2023-01-01 17:00:15', 1, NULL, 'pep_proxy_6b7a2797-000c-4690-b583-4975aa1046d7'),
('342674f2-7fb7-425a-9576-b96326d77364', '2023-01-06 18:42:37', 1, 'admin', NULL),
('342f3dc2-5793-4c98-8cde-9ca76d84b902', '2023-01-07 18:19:02', 1, NULL, 'pep_proxy_6b7a2797-000c-4690-b583-4975aa1046d7'),
('35e75f77-bea0-4c8f-95ad-db94f46f4d57', '2023-01-01 12:32:38', 1, NULL, 'pep_proxy_6b7a2797-000c-4690-b583-4975aa1046d7'),
('362e5627-57f7-4fa5-82c7-260a48fcf403', '2023-01-01 12:46:36', 1, 'admin', NULL),
('3715a9e2-7a04-4e76-9437-f6eeb00f7903', '2022-12-26 11:06:26', 1, NULL, 'pep_proxy_6b7a2797-000c-4690-b583-4975aa1046d7'),
('37567a6a-a19f-4703-a691-35e9a4d90656', '2022-12-22 16:34:28', 1, 'admin', NULL),
('3816a716-2efb-43c1-8e5a-c22ec2530905', '2023-01-07 18:50:41', 1, 'admin', NULL),
('384c5cb8-0f65-432a-97db-51cd627f154d', '2023-01-07 19:34:51', 1, NULL, 'pep_proxy_6b7a2797-000c-4690-b583-4975aa1046d7'),
('3902a528-8b8a-4260-ade2-5cf83dcb7420', '2022-12-19 17:52:55', 1, 'admin', NULL),
('39ad5418-6b95-40ee-ad4e-1add789a9705', '2022-12-25 19:21:56', 1, 'admin', NULL),
('39edf836-6def-48e0-9810-d4b7cfd633d9', '2023-01-12 15:01:53', 1, NULL, 'pep_proxy_6b7a2797-000c-4690-b583-4975aa1046d7'),
('3a5396a3-2662-4643-a91d-6238d61b7b35', '2023-01-01 13:22:21', 1, 'admin', NULL),
('3a6e713e-8320-4bb8-a6d6-c3a967ae280e', '2022-12-25 12:15:53', 1, NULL, 'pep_proxy_6b7a2797-000c-4690-b583-4975aa1046d7'),
('3aef4c8f-b424-4916-b1f6-9fe4bf5b23b2', '2022-12-18 09:00:52', 1, 'admin', NULL),
('3af7c984-a09b-4f28-8d25-587d3cace68d', '2022-12-19 16:51:18', 1, 'admin', NULL),
('3b95c138-5c96-469d-9874-bc9228d5e882', '2023-01-12 15:01:53', 1, NULL, 'pep_proxy_6b7a2797-000c-4690-b583-4975aa1046d7'),
('3c109884-7a33-44f4-a56b-e2fdc74f11bc', '2022-12-21 14:36:21', 1, 'admin', NULL),
('3c580f4d-2a56-4263-b246-45b2e6680959', '2022-12-31 10:32:52', 1, NULL, 'pep_proxy_6b7a2797-000c-4690-b583-4975aa1046d7'),
('3c708a2f-7e80-4bea-b61b-7edf83c4ac78', '2022-12-19 12:16:33', 1, 'admin', NULL),
('3c8c06dc-d5f5-4143-b20f-041a09d6de6a', '2022-12-25 17:04:18', 1, 'admin', NULL),
('3d8f5716-d93c-468e-a583-0b3e9e089c1e', '2022-12-21 14:33:38', 1, 'admin', NULL),
('3dd6e5ac-e0f8-4737-9d78-2cc3ce8ef308', '2022-12-25 18:08:37', 1, NULL, 'pep_proxy_6b7a2797-000c-4690-b583-4975aa1046d7'),
('3e7a0a99-d0b6-4c8c-b452-7be2b57eec5c', '2023-01-07 20:20:26', 1, NULL, 'pep_proxy_6b7a2797-000c-4690-b583-4975aa1046d7'),
('3eaa1ee9-6793-4412-94dc-2a1c8d106829', '2023-01-06 13:19:56', 1, NULL, 'pep_proxy_6b7a2797-000c-4690-b583-4975aa1046d7'),
('3ec20ad6-6f70-45f0-8bd1-ecbe334b7d1a', '2022-12-26 12:09:24', 1, 'admin', NULL),
('3f0c9820-8a43-4faa-b389-c025dd5b1b52', '2023-01-01 16:00:51', 1, 'admin', NULL),
('3f60d86d-dad1-44ec-841b-8fea927501fc', '2023-01-07 18:23:02', 1, NULL, 'pep_proxy_6b7a2797-000c-4690-b583-4975aa1046d7'),
('40541003-c417-4231-932d-c8d77b924094', '2022-12-19 17:52:19', 1, 'admin', NULL),
('4130c485-5732-4969-a7e6-4bc3051583f7', '2022-12-25 19:05:48', 1, 'admin', NULL),
('423edfd3-fbef-4646-bf3b-0e357ad483ca', '2022-12-31 13:12:45', 1, NULL, 'pep_proxy_6b7a2797-000c-4690-b583-4975aa1046d7'),
('4252588d-d0f5-49aa-8d96-8ee322a7b55b', '2022-12-19 12:18:37', 1, 'admin', NULL),
('426018e6-78e3-4657-a1ad-1b0d11ee0456', '2022-12-25 11:40:10', 1, 'admin', NULL),
('42838f50-e342-44fd-bf14-0b84ef6a46e0', '2022-12-26 10:24:35', 1, NULL, 'pep_proxy_6b7a2797-000c-4690-b583-4975aa1046d7'),
('430c0ac1-c317-4b02-b1ce-864378765d6e', '2022-12-25 12:13:25', 1, 'admin', NULL),
('4331c8c8-bfc9-45f3-9789-d4c753e11cf5', '2022-12-25 18:03:32', 1, NULL, 'pep_proxy_6b7a2797-000c-4690-b583-4975aa1046d7'),
('433fa99c-e999-425e-af8f-90e6ae13b05e', '2023-01-12 16:22:49', 1, NULL, 'pep_proxy_6b7a2797-000c-4690-b583-4975aa1046d7'),
('434a7328-c23e-41a6-bdde-f1ee9b4bcf91', '2023-01-06 18:04:29', 1, 'admin', NULL),
('436fcf27-94ef-4623-95f1-a7fe6d5f9dfc', '2022-12-25 18:57:23', 1, 'admin', NULL),
('438cb6e0-1d9c-40a5-958f-b22f61502175', '2022-12-31 13:04:30', 1, NULL, 'pep_proxy_6b7a2797-000c-4690-b583-4975aa1046d7'),
('4398f464-0e82-45b0-96b1-fce3ae9ce5a7', '2023-01-06 11:16:58', 1, NULL, 'pep_proxy_6b7a2797-000c-4690-b583-4975aa1046d7'),
('4435b8aa-3331-47aa-a321-e011df2114b5', '2023-01-06 17:36:01', 1, 'admin', NULL),
('4517da8d-0987-4d0f-b3df-2e4f5855027b', '2023-01-07 20:36:17', 1, 'admin', NULL),
('451f7db7-0934-4611-a67e-fe0677b56f2c', '2023-01-06 18:44:20', 1, 'admin', NULL),
('4540278f-8c56-4115-888b-86885f0c1744', '2022-12-27 15:44:47', 1, NULL, 'pep_proxy_6b7a2797-000c-4690-b583-4975aa1046d7'),
('46175d8c-d67d-4d19-a903-7b82dc2fdf8c', '2022-12-19 15:04:14', 1, 'admin', NULL),
('4666c44d-8fe0-411c-a230-7d1dae7537f2', '2022-12-21 14:35:04', 1, 'admin', NULL),
('46f6c173-e897-41f6-9e0a-27357fdd59c9', '2022-12-26 10:30:06', 1, 'admin', NULL),
('47fb34fb-930e-4d9e-a1bc-ea19bc8b071f', '2022-12-19 15:10:55', 1, 'admin', NULL),
('4866f660-03f8-48b9-9e2b-020e7d819615', '2023-01-06 18:31:46', 1, NULL, 'pep_proxy_6b7a2797-000c-4690-b583-4975aa1046d7'),
('489602d6-4223-4aa3-bdc8-6f0b857267ac', '2022-12-19 18:10:28', 1, 'admin', NULL),
('4912e041-a365-4e0d-816a-94ace4ff7034', '2023-01-07 19:28:20', 1, 'admin', NULL),
('49948450-c719-4e26-84f1-85ff89f0ed79', '2022-12-18 09:18:53', 1, 'admin', NULL),
('49c7a3e0-2169-4740-b5af-7ee9f30871fc', '2023-01-06 20:29:01', 1, NULL, 'pep_proxy_6b7a2797-000c-4690-b583-4975aa1046d7'),
('49c88037-0238-4a92-a68d-d5d11b013632', '2022-12-19 18:00:18', 1, 'admin', NULL),
('4a04a6f4-e201-4134-bd6e-3c813b348bec', '2022-12-25 18:48:15', 1, 'admin', NULL),
('4a482e8a-deb4-4114-b346-d1f0a26a60e9', '2022-12-19 16:55:13', 1, 'admin', NULL),
('4b799105-5e48-4dab-a2da-6e7720eb2d71', '2022-12-29 15:57:50', 1, NULL, 'pep_proxy_6b7a2797-000c-4690-b583-4975aa1046d7'),
('4b8d1427-1d3c-4c91-b19f-e6020f36d3a9', '2023-01-07 18:23:02', 1, NULL, 'pep_proxy_6b7a2797-000c-4690-b583-4975aa1046d7'),
('4bff4bb6-4741-4349-ab88-7fa3df53a677', '2023-01-07 20:22:45', 1, 'admin', NULL),
('4c532f68-fb1c-4d5d-a661-b471df3cbf88', '2022-12-24 10:03:35', 1, 'admin', NULL),
('4cae4202-8e3e-468c-a60c-3d6da26569de', '2023-01-06 20:21:52', 1, NULL, 'pep_proxy_6b7a2797-000c-4690-b583-4975aa1046d7'),
('4cf84296-03d9-4fd1-860b-13b8bd2bbfa2', '2022-12-21 14:43:14', 1, 'admin', NULL),
('4cfc1528-940f-45d6-b786-3b5a4627ced9', '2023-01-06 20:09:45', 1, 'admin', NULL),
('4d43491f-5cf4-437a-abed-0e5991c4829c', '2022-12-25 18:18:58', 1, NULL, 'pep_proxy_6b7a2797-000c-4690-b583-4975aa1046d7'),
('4ed13752-214e-4ccf-9094-cb972185b181', '2022-12-25 11:11:09', 1, 'admin', NULL),
('4edb192c-5953-454d-8fdf-46d94645bb68', '2022-12-25 18:10:35', 1, NULL, 'pep_proxy_6b7a2797-000c-4690-b583-4975aa1046d7'),
('504fa934-a0ec-444c-b383-df3dec8a780e', '2022-12-29 12:34:58', 1, NULL, 'pep_proxy_6b7a2797-000c-4690-b583-4975aa1046d7'),
('505d1b51-d793-4ede-8468-cb647d264f6d', '2022-12-21 14:33:52', 1, 'admin', NULL),
('50f6bdb5-9c03-4e2b-84c1-1209b54951db', '2023-01-07 20:35:17', 1, 'admin', NULL),
('515db646-5011-40a5-81ab-73350e4edadc', '2022-12-19 18:57:44', 1, 'admin', NULL),
('51889e8c-0fb6-495d-a824-aa272118333c', '2022-12-19 15:02:10', 1, 'admin', NULL),
('51cd2311-46de-4f65-92d6-ddf8d760a1ce', '2022-12-25 17:22:15', 1, 'admin', NULL),
('52381304-58b8-45a7-885c-c07f85dcc610', '2022-12-19 17:50:17', 1, 'admin', NULL),
('52d8856d-1457-485c-b65a-0a522945d4ad', '2023-01-12 16:22:48', 1, NULL, 'pep_proxy_6b7a2797-000c-4690-b583-4975aa1046d7'),
('52ff4080-c497-4e83-891d-b14f6fc58f51', '2022-12-26 12:12:17', 1, 'admin', NULL),
('545d7c7b-7e8d-4179-a03b-b504cb86fd67', '2022-12-21 14:36:09', 1, 'admin', NULL),
('5559c25f-6805-44f1-aade-d9806df49b5b', '2022-12-21 14:30:59', 1, 'admin', NULL),
('556687ce-20ee-492a-9d9c-485355811bee', '2022-12-31 13:22:58', 1, NULL, 'pep_proxy_6b7a2797-000c-4690-b583-4975aa1046d7'),
('556e7b95-3304-4df2-9d39-f0d52ebd7a31', '2022-12-26 11:21:42', 1, 'admin', NULL),
('55c34d6e-4847-499d-b6fa-319ffc7a1400', '2022-12-25 10:19:25', 1, NULL, 'pep_proxy_6b7a2797-000c-4690-b583-4975aa1046d7'),
('56572cc8-94eb-4ba5-b27d-f20132158315', '2022-12-21 14:34:29', 1, 'admin', NULL),
('574a633b-884d-4c31-93ea-511c25ab71e1', '2023-01-06 12:59:08', 1, 'admin', NULL),
('593a1d2c-6592-41a8-b440-b89a347a3515', '2023-01-06 18:19:00', 1, NULL, 'pep_proxy_6b7a2797-000c-4690-b583-4975aa1046d7'),
('59f4b364-aa08-435b-9152-4186220a4a14', '2022-12-19 14:59:16', 1, 'admin', NULL),
('5a081814-335b-48e2-a947-d44cf45419e7', '2022-12-25 11:41:40', 1, NULL, 'pep_proxy_6b7a2797-000c-4690-b583-4975aa1046d7'),
('5a30875e-d984-46cb-b75f-18780ae5cc61', '2022-12-25 11:02:45', 1, NULL, 'pep_proxy_6b7a2797-000c-4690-b583-4975aa1046d7'),
('5aa5f837-e122-41fd-b70c-ce8440e59aef', '2022-12-25 11:42:02', 1, 'admin', NULL),
('5b13e8d3-d043-485d-afba-c261472ca35e', '2023-01-06 20:15:29', 1, NULL, 'pep_proxy_6b7a2797-000c-4690-b583-4975aa1046d7'),
('5be9375a-0b25-4ad2-a04d-df83d79a8df6', '2023-01-06 13:20:20', 1, 'admin', NULL),
('5c36eb25-fcea-4298-b892-f08f4c394af4', '2022-12-22 20:45:49', 1, 'admin', NULL),
('5c63f133-6295-4283-8ed7-6cbbf1d06a65', '2022-12-21 14:28:21', 1, 'admin', NULL),
('5c709cc1-4cf4-4748-8692-84e2855cc81c', '2022-12-26 11:16:00', 1, 'admin', NULL),
('5c77a807-bbac-4f5c-8be0-b9a45f46fcf1', '2023-01-05 18:26:58', 1, 'admin', NULL),
('5cd7e0d9-b61d-46a8-bcde-fa90865b34cd', '2023-01-06 17:40:58', 1, NULL, 'pep_proxy_6b7a2797-000c-4690-b583-4975aa1046d7'),
('5d011182-5a68-47d2-9db3-bf04b2b63038', '2022-12-19 11:43:05', 1, 'admin', NULL),
('5ee26ddc-baf0-4264-8fb2-d52585f6c9a8', '2022-12-27 15:45:05', 1, 'admin', NULL),
('5f7ecd5c-b743-4dbb-8db2-9d8588915adf', '2023-01-06 18:12:27', 1, NULL, 'pep_proxy_6b7a2797-000c-4690-b583-4975aa1046d7'),
('5ffe5696-c32f-43a6-8b38-9595adef44f5', '2022-12-19 19:03:17', 1, 'admin', NULL),
('5fffe7b9-8e7e-4914-b760-6ba590760e1a', '2022-12-27 13:43:55', 1, NULL, 'pep_proxy_6b7a2797-000c-4690-b583-4975aa1046d7'),
('60479a53-a526-4b5d-87fd-42ba0f31709b', '2022-12-26 10:51:40', 1, NULL, 'pep_proxy_6b7a2797-000c-4690-b583-4975aa1046d7'),
('6059e525-0984-400a-99d9-b24bb2c71998', '2022-12-19 12:05:35', 1, 'admin', NULL),
('60902daa-cba6-4993-9d1f-e010504d392f', '2022-12-19 18:15:39', 1, 'admin', NULL),
('618e59bf-f8a5-42f0-8648-a26d747586c5', '2022-12-27 12:48:51', 1, 'admin', NULL),
('61e2ad97-96e4-4cf7-863a-d71366933150', '2023-01-06 18:19:11', 1, 'admin', NULL),
('65203c44-1bde-426b-94ba-e9386d0db2d1', '2022-12-19 18:15:33', 1, 'admin', NULL),
('65595bdf-ca09-438e-96b0-102ed2afd59c', '2022-12-19 11:42:52', 1, 'admin', NULL),
('655dfec1-9db5-4206-bc38-4187f284f26b', '2022-12-25 18:16:24', 1, NULL, 'pep_proxy_6b7a2797-000c-4690-b583-4975aa1046d7'),
('664656c2-0989-4ff0-bf44-885e22ca0822', '2022-12-19 18:56:01', 1, 'admin', NULL),
('666fc043-4712-4459-8b88-623f18668f88', '2022-12-26 11:41:58', 1, NULL, 'pep_proxy_6b7a2797-000c-4690-b583-4975aa1046d7'),
('670b31e5-8081-464e-ab47-2a1d498a8da3', '2022-12-19 19:07:27', 1, 'admin', NULL),
('67301e87-4b4a-4992-90e5-368e897f32cb', '2022-12-25 17:54:57', 1, NULL, 'pep_proxy_6b7a2797-000c-4690-b583-4975aa1046d7'),
('6829e8da-3aa2-4120-a99f-bd69f7c3e988', '2022-12-26 10:40:16', 1, 'admin', NULL),
('6843d851-23e6-450d-bcea-3fb24a7ef9cc', '2022-12-19 19:05:09', 1, 'admin', NULL),
('690f6c52-f190-4bee-a93f-061941a91d67', '2022-12-19 15:03:01', 1, 'admin', NULL),
('6a30e828-7868-420a-a29b-fa69d8352b20', '2022-12-31 13:23:48', 1, 'admin', NULL),
('6b15c26e-0187-471c-a6b0-a243617ea899', '2023-01-06 18:39:02', 1, 'admin', NULL),
('6c451a1e-73f9-4882-a028-7f30a07f43ef', '2022-12-19 18:00:16', 1, 'admin', NULL),
('6c88fca3-3b8e-42d3-975b-027bde911a70', '2022-12-29 15:58:01', 1, 'admin', NULL),
('6d454c57-5aed-4b5e-9a24-78e71a62494f', '2022-12-19 19:34:31', 1, 'admin', NULL),
('6d5e3acb-c2ab-4d29-9491-ac2711f38421', '2022-12-25 17:51:49', 1, NULL, 'pep_proxy_6b7a2797-000c-4690-b583-4975aa1046d7'),
('6dfe62ae-1b55-47ab-ace8-b233d9e83ce9', '2022-12-19 11:42:33', 1, 'admin', NULL),
('6f64f9bd-6fcf-44ec-ba85-a6cfd962db19', '2023-01-07 19:17:59', 1, 'admin', NULL),
('7014b477-fdf8-4d94-b928-bda5deb0413e', '2022-12-27 15:54:32', 1, 'admin', NULL),
('72544b6b-bf75-4f06-b9db-285c51105857', '2022-12-25 12:14:29', 1, NULL, 'pep_proxy_6b7a2797-000c-4690-b583-4975aa1046d7'),
('73d01918-e6fa-4522-9a9b-a484beda13d8', '2023-01-06 20:32:27', 1, NULL, 'pep_proxy_6b7a2797-000c-4690-b583-4975aa1046d7'),
('76651517-759b-4e93-8e21-d4757e7049d2', '2022-12-21 14:36:53', 1, 'admin', NULL),
('76d767fd-0622-41f8-98c3-95002eeb47c9', '2022-12-26 12:10:45', 1, NULL, 'pep_proxy_6b7a2797-000c-4690-b583-4975aa1046d7'),
('76d9fe2f-a210-4f64-a14f-07e9260a2e80', '2023-01-07 18:35:18', 1, 'admin', NULL),
('76e07593-ff10-4fa8-8564-1da2e73277f1', '2022-12-19 12:17:49', 1, 'admin', NULL),
('770d3f38-2531-44de-8b1d-41e3f255c0e5', '2022-12-19 18:47:08', 1, 'admin', NULL),
('770d6cdf-96f7-433a-af2e-c935b0c04fbd', '2022-12-19 17:50:29', 1, 'admin', NULL),
('7736c3d4-8ba5-4a48-b8cb-82126563f7b7', '2022-12-31 12:52:32', 1, NULL, 'pep_proxy_6b7a2797-000c-4690-b583-4975aa1046d7'),
('7816b000-d795-42bc-834f-51664bd2a4d4', '2022-12-24 19:13:10', 1, 'admin', NULL),
('782a3f29-6f60-49b8-9ea4-5e9f7eb61d0f', '2023-01-06 18:31:54', 1, 'admin', NULL),
('783b6089-a262-4b18-bbe5-0c2b1079a8b3', '2023-01-07 18:19:14', 1, 'admin', NULL),
('7852b041-46bd-40aa-b965-729c02ac898c', '2023-01-07 19:26:45', 1, 'admin', NULL),
('7897fc06-35e2-4c7c-940a-efe50e23864f', '2022-12-25 18:35:55', 1, NULL, 'pep_proxy_6b7a2797-000c-4690-b583-4975aa1046d7'),
('78fed4f2-3686-4f9d-bdb0-247062c4f132', '2023-01-06 18:17:04', 1, 'admin', NULL),
('7946ba41-aaf2-427c-ac5f-2ccf016223a0', '2022-12-25 18:14:58', 1, 'admin', NULL),
('7980c42a-9ff7-4321-8506-5eb559b367fd', '2022-12-25 18:58:31', 1, NULL, 'pep_proxy_6b7a2797-000c-4690-b583-4975aa1046d7'),
('7a060d78-09aa-41d9-9083-cc6191b364cd', '2022-12-19 17:53:20', 1, 'admin', NULL),
('7a2a7d07-ae11-4314-8cd8-fe59eef8cdb9', '2022-12-31 13:23:39', 1, NULL, 'pep_proxy_6b7a2797-000c-4690-b583-4975aa1046d7'),
('7b179760-ff1e-4078-a92b-bb2c76e04caa', '2022-12-19 12:04:07', 1, 'admin', NULL),
('7b2567a6-5e53-4b88-aed3-654ef6287f43', '2023-01-05 18:04:44', 1, NULL, 'pep_proxy_6b7a2797-000c-4690-b583-4975aa1046d7'),
('7b39f99c-1fe3-42a5-9e01-ac5b1174f59b', '2023-01-06 20:19:25', 1, NULL, 'pep_proxy_6b7a2797-000c-4690-b583-4975aa1046d7'),
('7ba81cec-fcbe-4dd0-ad41-7e08d8c7c82b', '2022-12-31 13:02:03', 1, NULL, 'pep_proxy_6b7a2797-000c-4690-b583-4975aa1046d7'),
('7c191285-4156-44f8-b3e6-fcf2d33ffced', '2022-12-26 10:46:26', 1, NULL, 'pep_proxy_6b7a2797-000c-4690-b583-4975aa1046d7'),
('7c551026-5fae-4467-9aa2-2e55a0fbf015', '2022-12-31 12:58:05', 1, NULL, 'pep_proxy_6b7a2797-000c-4690-b583-4975aa1046d7'),
('7dcc59ad-2d9b-4f29-92e4-54eb898a3a02', '2023-01-07 19:24:05', 1, 'admin', NULL),
('7eef2184-699b-4d77-a23d-4bf195910c19', '2022-12-26 11:20:01', 1, NULL, 'pep_proxy_6b7a2797-000c-4690-b583-4975aa1046d7'),
('7f1d565e-6381-48ce-a1b2-5937a6814667', '2023-01-06 20:27:31', 1, NULL, 'pep_proxy_6b7a2797-000c-4690-b583-4975aa1046d7'),
('7fdad78f-56d0-4a7b-ba00-4548aeec70c7', '2023-01-06 18:04:19', 1, NULL, 'pep_proxy_6b7a2797-000c-4690-b583-4975aa1046d7'),
('8099d58e-3e39-45d5-8ae4-48d476690f15', '2022-12-19 12:18:26', 1, 'admin', NULL),
('80f789fe-0e58-4183-b0e7-10324cc3ae68', '2022-12-25 18:01:34', 1, NULL, 'pep_proxy_6b7a2797-000c-4690-b583-4975aa1046d7'),
('810a5c19-8442-440f-8f01-61f0fb4cde2d', '2022-12-19 17:50:14', 1, 'admin', NULL),
('81c6de1c-dc64-4443-aa3c-186501fc99cd', '2023-01-07 20:20:26', 1, NULL, 'pep_proxy_6b7a2797-000c-4690-b583-4975aa1046d7'),
('833a4c5d-7a34-4f56-8668-ebf753d3686d', '2022-12-19 17:50:12', 1, 'admin', NULL),
('8399588b-9f5d-4c0a-8ab8-8278619e0407', '2022-12-21 13:39:04', 1, 'admin', NULL),
('84bed04a-15d3-4a5e-abc9-562aa19e013c', '2022-12-24 18:46:34', 1, 'admin', NULL),
('864ad611-eaee-4760-9988-40f73332648d', '2023-01-07 20:17:19', 1, NULL, 'pep_proxy_6b7a2797-000c-4690-b583-4975aa1046d7'),
('865c4448-adee-4897-af71-0b3e6219e9dd', '2022-12-25 12:20:52', 1, NULL, 'pep_proxy_6b7a2797-000c-4690-b583-4975aa1046d7'),
('8666fedd-3c12-4b9c-bcaa-6825c20de10c', '2023-01-06 18:27:34', 1, NULL, 'pep_proxy_6b7a2797-000c-4690-b583-4975aa1046d7'),
('871b621d-e58b-4b44-be2d-c8e6fa1433af', '2022-12-19 18:55:59', 1, 'admin', NULL),
('87aa3417-db78-45b9-9ca1-e04ed5a7f5e6', '2022-12-24 18:06:15', 1, 'admin', NULL),
('88ec92ec-c60d-4b4d-8463-e8ba6abd9506', '2023-01-06 13:46:44', 1, NULL, 'pep_proxy_6b7a2797-000c-4690-b583-4975aa1046d7'),
('890f35a2-1a31-4d18-b2ac-39e376b93770', '2022-12-24 19:47:11', 1, 'admin', NULL),
('893f2ae2-0da6-4fbe-80c2-8525870b270c', '2022-12-19 17:17:29', 1, 'admin', NULL),
('89c053ac-92d5-459e-8881-09f687aecd6f', '2022-12-26 10:45:08', 1, 'admin', NULL),
('8a7df8cb-f8bc-4022-b452-c08052fcff66', '2022-12-25 12:01:47', 1, NULL, 'pep_proxy_6b7a2797-000c-4690-b583-4975aa1046d7'),
('8b12f3db-7c6a-4457-9d8d-a65cdfcb1b56', '2022-12-29 15:35:17', 1, 'admin', NULL),
('8b5e3b1e-460e-405b-b947-1959fd43f3e4', '2022-12-19 17:22:11', 1, 'admin', NULL),
('8b9b43f2-276e-4704-8f36-5fdb810e5d1d', '2022-12-26 10:45:13', 1, 'admin', NULL),
('8c4bc19c-0ce3-44f9-a4df-a6a891bb1aa6', '2022-12-21 14:31:02', 1, 'admin', NULL),
('8c8bedf6-5139-4cd1-89f5-2cc8d4ee16f3', '2022-12-26 12:39:57', 1, 'admin', NULL),
('8c8ecdd3-1cb5-48e6-94d5-97670baecce9', '2023-01-06 17:41:42', 1, 'admin', NULL),
('8c9b62de-e9f7-4000-bc22-9cf3e2a23d31', '2023-01-06 18:44:14', 1, NULL, 'pep_proxy_6b7a2797-000c-4690-b583-4975aa1046d7'),
('8d061f07-ead1-4aab-8b91-3d22879fd7cb', '2022-12-31 10:34:08', 1, 'admin', NULL),
('8d0cab4d-8f7c-4dad-8d4c-42f2102bc555', '2022-12-25 10:49:29', 1, NULL, 'pep_proxy_6b7a2797-000c-4690-b583-4975aa1046d7'),
('8d18c930-bb68-4d86-abed-afd56f142de8', '2023-01-06 18:27:46', 1, 'admin', NULL),
('8da679ca-a585-4ce2-94d9-fa8a75eb476e', '2022-12-26 13:15:31', 1, NULL, 'pep_proxy_6b7a2797-000c-4690-b583-4975aa1046d7'),
('8db7446e-d20d-4871-82ea-a2c0720bb6c1', '2022-12-25 11:27:15', 1, NULL, 'pep_proxy_6b7a2797-000c-4690-b583-4975aa1046d7'),
('8df7c7c9-9b2a-45cf-8838-f66b5afa2247', '2022-12-19 18:00:09', 1, 'admin', NULL),
('8ed897a8-d6e7-47a3-993d-0e33335b8b87', '2022-12-25 18:19:24', 1, 'admin', NULL),
('8f4d7485-bf03-41db-ac26-6cd357e7d90d', '2022-12-21 14:30:09', 1, 'admin', NULL),
('8fcaa2c1-eae8-4536-b4d4-33fb3ecc4688', '2022-12-25 11:36:04', 1, NULL, 'pep_proxy_6b7a2797-000c-4690-b583-4975aa1046d7'),
('900278c4-dac0-4d14-8d72-590ee95d3a69', '2023-01-07 18:30:48', 1, 'admin', NULL),
('9097a85c-f435-4241-84cd-5cddc2ae1b98', '2022-12-21 14:30:57', 1, 'admin', NULL),
('90a0111c-acdf-4958-98b9-f1f462279a2b', '2023-01-06 20:38:04', 1, NULL, 'pep_proxy_6b7a2797-000c-4690-b583-4975aa1046d7'),
('910aa91b-31a9-44a5-9ffd-a58d8698d4d3', '2023-01-07 19:16:32', 1, NULL, 'pep_proxy_6b7a2797-000c-4690-b583-4975aa1046d7'),
('911c1f13-863c-43ae-a39d-a764db177ae9', '2022-12-26 13:15:41', 1, 'admin', NULL),
('9187252e-0b2b-4cff-98bb-6ad143877d43', '2022-12-25 16:27:04', 1, NULL, 'pep_proxy_6b7a2797-000c-4690-b583-4975aa1046d7'),
('918a3c6d-4736-42c8-8db0-3aeeea3bba7b', '2023-01-06 17:39:08', 1, 'admin', NULL),
('91d3caad-9e74-422d-90ee-2e9685649b83', '2023-01-06 17:40:58', 1, NULL, 'pep_proxy_6b7a2797-000c-4690-b583-4975aa1046d7'),
('91df9173-3c2b-46ee-bf00-94c7a58796ca', '2022-12-29 15:32:53', 1, NULL, 'pep_proxy_6b7a2797-000c-4690-b583-4975aa1046d7'),
('926fc4e9-6a81-4f7d-9190-5811590b2a11', '2023-01-06 20:36:33', 1, NULL, 'pep_proxy_6b7a2797-000c-4690-b583-4975aa1046d7'),
('927a794b-6fc9-4b31-ae4c-3a18a7deb343', '2022-12-27 10:37:03', 1, NULL, 'pep_proxy_6b7a2797-000c-4690-b583-4975aa1046d7'),
('931aaf10-074d-4396-b0c3-34bd46d73170', '2022-12-21 14:45:21', 1, 'admin', NULL),
('93212314-2d59-46c9-b6a8-7816db02e9cd', '2023-01-06 17:05:41', 1, NULL, 'pep_proxy_6b7a2797-000c-4690-b583-4975aa1046d7'),
('93eb1bbd-d81e-4a29-8c28-b7b61db6d198', '2022-12-19 17:53:29', 1, 'admin', NULL),
('9460c3bd-c57c-469a-9b00-f5b556025132', '2022-12-19 14:03:49', 1, 'admin', NULL),
('94fa3db1-4fee-4a32-9d81-71a1e8eee2da', '2022-12-19 19:08:01', 1, 'admin', NULL),
('9511d9bd-e00e-4164-b110-07d8b87696ea', '2022-12-21 14:31:04', 1, 'admin', NULL),
('9542a479-7993-4ee4-9e6e-ad3853bd6088', '2022-12-25 12:24:16', 1, NULL, 'pep_proxy_6b7a2797-000c-4690-b583-4975aa1046d7'),
('9573df22-87fa-4338-8f97-00758ecf6fd2', '2023-01-07 18:30:52', 1, 'admin', NULL),
('9621a8e3-80e4-41b0-9b6d-3616711ec40e', '2022-12-25 17:20:57', 1, NULL, 'pep_proxy_6b7a2797-000c-4690-b583-4975aa1046d7'),
('9640a570-d07f-43e0-bb66-8797b6e35463', '2022-12-19 19:32:52', 1, 'admin', NULL),
('96f1151e-b9c0-4b88-b949-116400989666', '2023-01-06 21:02:57', 1, NULL, 'pep_proxy_6b7a2797-000c-4690-b583-4975aa1046d7'),
('986b2e73-080b-4582-ad1d-07319fc03869', '2023-01-01 11:51:00', 1, NULL, 'pep_proxy_6b7a2797-000c-4690-b583-4975aa1046d7'),
('994990b8-4376-4583-b3b9-a985d2d8da4e', '2022-12-25 17:04:10', 1, 'admin', NULL),
('9990125f-4d0a-40d0-b05f-59d1f2aa95c0', '2023-01-06 20:09:38', 1, NULL, 'pep_proxy_6b7a2797-000c-4690-b583-4975aa1046d7'),
('99a18f6b-4433-4aab-a469-365369308879', '2023-01-06 13:46:44', 1, NULL, 'pep_proxy_6b7a2797-000c-4690-b583-4975aa1046d7'),
('99d83887-5cc5-4bc8-a6bc-1339ae42a094', '2022-12-19 17:26:03', 1, 'admin', NULL),
('99f27ac0-ac8c-4645-8dc7-ef736f59db9e', '2022-12-19 18:58:24', 1, 'admin', NULL),
('9a5b6584-395f-4fec-9a05-782d2708c07f', '2022-12-25 18:10:43', 1, 'admin', NULL),
('9b143a1c-f564-45f5-8fca-00d9eadb6556', '2023-01-01 12:33:10', 1, NULL, 'pep_proxy_6b7a2797-000c-4690-b583-4975aa1046d7'),
('9b29df74-da8a-4fd2-89e3-0ac412a1d9dc', '2023-01-06 18:16:55', 1, NULL, 'pep_proxy_6b7a2797-000c-4690-b583-4975aa1046d7'),
('9b4558a1-cf63-40c4-b37a-a3a400737c31', '2022-12-19 11:46:03', 1, 'admin', NULL),
('9c07cfb3-4f64-42ad-8ead-860de5bd7d98', '2022-12-29 12:24:57', 1, NULL, 'pep_proxy_6b7a2797-000c-4690-b583-4975aa1046d7'),
('9d277e20-d016-4fd9-b7a8-9bd73d3da418', '2022-12-19 17:50:15', 1, 'admin', NULL),
('9f03c8f5-fb87-4e1f-99c9-6d9c3261ec76', '2022-12-25 18:44:08', 1, NULL, 'pep_proxy_6b7a2797-000c-4690-b583-4975aa1046d7'),
('9f62a2cb-0225-4f51-b146-faea8b878cb9', '2022-12-25 18:47:51', 1, NULL, 'pep_proxy_6b7a2797-000c-4690-b583-4975aa1046d7'),
('9f84313f-4d4c-468f-8646-88a39e1a58e1', '2022-12-25 17:59:45', 1, 'admin', NULL),
('9fd64efe-1bcc-4d4a-a7f0-117e70bd84f1', '2022-12-25 12:18:55', 1, 'admin', NULL),
('a076618b-3f6e-45bd-8af6-b445471cf0d2', '2022-12-29 15:37:20', 1, NULL, 'pep_proxy_6b7a2797-000c-4690-b583-4975aa1046d7'),
('a07f83e1-a2b5-4829-9fca-0f7aeb3a2c8b', '2022-12-19 12:15:18', 1, 'admin', NULL),
('a1220d4c-4685-41e9-8d96-25164de1c99b', '2023-01-07 20:23:43', 1, 'admin', NULL),
('a2150cd6-8e69-4d13-be05-2807c66e1242', '2023-01-06 20:29:01', 1, NULL, 'pep_proxy_6b7a2797-000c-4690-b583-4975aa1046d7'),
('a233f28f-b607-48c2-8188-4d1be3777a96', '2023-01-01 12:46:26', 1, NULL, 'pep_proxy_6b7a2797-000c-4690-b583-4975aa1046d7'),
('a2505a3b-2af8-4c16-b5ed-fa6401ab4db4', '2022-12-19 17:19:29', 1, 'admin', NULL),
('a270a63b-0cd0-452a-8efa-dc5aad7e6e8f', '2022-12-27 13:44:04', 1, 'admin', NULL),
('a337cb66-fb88-47b0-b66d-3d7a9bfa7ae3', '2022-12-26 10:44:59', 1, NULL, 'pep_proxy_6b7a2797-000c-4690-b583-4975aa1046d7'),
('a37e665e-d109-4af3-8645-b1a37aee65ba', '2022-12-27 10:16:56', 1, 'admin', NULL),
('a393492b-80c3-4ad9-9666-8c2b2983c8b8', '2023-01-06 20:19:24', 1, NULL, 'pep_proxy_6b7a2797-000c-4690-b583-4975aa1046d7'),
('a3fe0442-c550-4214-8c76-611d853523ea', '2022-12-25 18:45:38', 1, NULL, 'pep_proxy_6b7a2797-000c-4690-b583-4975aa1046d7'),
('a44efb04-b687-4390-a1e6-909199aa9c60', '2022-12-25 12:18:48', 1, NULL, 'pep_proxy_6b7a2797-000c-4690-b583-4975aa1046d7'),
('a4ed997c-c6bf-4231-b1a6-4c9687b10e59', '2022-12-21 14:34:27', 1, 'admin', NULL),
('a512553b-68e0-4d8d-8ddc-ba0cab9674db', '2023-01-06 18:31:46', 1, NULL, 'pep_proxy_6b7a2797-000c-4690-b583-4975aa1046d7'),
('a53e50e9-dd44-4a6f-a18b-ce3585cf3f31', '2022-12-26 12:40:29', 1, 'admin', NULL),
('a5810974-cad3-4ab9-b9af-614701c270a2', '2022-12-25 17:49:15', 1, 'admin', NULL),
('a63202bb-d022-4405-b0a7-4eae0996564d', '2023-01-06 21:06:31', 1, NULL, 'pep_proxy_6b7a2797-000c-4690-b583-4975aa1046d7'),
('a66c4d11-8846-4be7-8946-c9cd8d80a75c', '2023-01-07 19:35:58', 1, 'admin', NULL),
('a680c7c6-3c75-461c-a7a4-2e410a27fa9f', '2022-12-21 14:36:12', 1, 'admin', NULL),
('a6a5f4ad-332d-4b8d-9953-e8a438398aee', '2022-12-25 18:56:53', 1, NULL, 'pep_proxy_6b7a2797-000c-4690-b583-4975aa1046d7'),
('a6c15978-2765-454c-88e5-68f4a0356d4f', '2023-01-06 20:30:54', 1, NULL, 'pep_proxy_6b7a2797-000c-4690-b583-4975aa1046d7'),
('a7a8db91-c008-4b2c-9ac9-aeda1d3e2a4a', '2022-12-26 12:10:58', 1, 'admin', NULL),
('a7ba55e6-f0c0-4894-9ee0-da37a4d5405f', '2023-01-06 17:35:09', 1, NULL, 'pep_proxy_6b7a2797-000c-4690-b583-4975aa1046d7'),
('a7bbdc5c-8c40-4462-8364-517b67b60987', '2022-12-29 10:11:46', 1, 'admin', NULL),
('a8840af0-126d-46ff-a1b6-6692f61828e8', '2022-12-19 19:33:08', 1, 'admin', NULL),
('a937b1a6-1fb4-4ea0-a02b-fb2bf6cdd001', '2022-12-18 09:15:14', 1, 'admin', NULL),
('a94b0298-1fc0-44c6-8198-a20b274793e8', '2022-12-27 11:55:36', 1, 'admin', NULL),
('a99dc88f-a19c-4279-ab9b-96372afc4ab6', '2022-12-25 10:46:03', 1, NULL, 'pep_proxy_6b7a2797-000c-4690-b583-4975aa1046d7'),
('aa646814-d7c3-42d2-8c89-a335bf497bc7', '2022-12-25 19:11:45', 1, 'admin', NULL),
('aa7c91dc-ed5c-45c4-8799-9521adedd7b9', '2022-12-19 11:41:55', 1, 'admin', NULL),
('ab54f513-0f93-4094-b1d6-e62598a6dcb2', '2023-01-07 20:17:33', 1, 'admin', NULL),
('ac00b4e5-6a0e-4e76-aa68-cfb9428be0d4', '2022-12-25 18:40:00', 1, 'admin', NULL),
('ad9e9627-c458-43d8-8670-e62b336d3b25', '2022-12-29 15:41:33', 1, 'admin', NULL),
('add6eaac-176b-4cc9-aa8d-997e886f8353', '2022-12-19 11:45:31', 1, 'admin', NULL),
('ae4adb54-3123-43b1-8b7d-890a08c90a2c', '2023-01-06 20:39:36', 1, NULL, 'pep_proxy_6b7a2797-000c-4690-b583-4975aa1046d7'),
('ae4fcd3a-b640-46a6-8f0d-1676d4297af0', '2022-12-21 14:43:48', 1, 'admin', NULL),
('aec4dd6e-209f-42dc-8205-3f1be52d0543', '2022-12-21 14:45:44', 1, 'admin', NULL),
('af330d08-8917-4b5e-a872-4cd75ca1cf25', '2023-01-07 17:26:27', 1, NULL, 'pep_proxy_6b7a2797-000c-4690-b583-4975aa1046d7'),
('af84cf67-fe56-4bb4-b933-8a1765b87643', '2022-12-31 12:38:34', 1, NULL, 'pep_proxy_6b7a2797-000c-4690-b583-4975aa1046d7'),
('afc271fc-27b1-4d46-88c9-2b3bea7ffd84', '2022-12-27 10:23:12', 1, 'admin', NULL),
('b01aa4ae-3d13-402b-a8fb-0e6b4227356d', '2022-12-25 18:16:45', 1, 'admin', NULL),
('b0433a3f-4a6e-4dda-8e30-23dbb6ff4a33', '2023-01-01 12:39:21', 1, NULL, 'pep_proxy_6b7a2797-000c-4690-b583-4975aa1046d7'),
('b0f4b2fa-9197-42a1-b630-47509aa48483', '2022-12-19 16:50:22', 1, 'admin', NULL),
('b0fde4aa-5b9a-43a4-a7f9-82c2f493d9a1', '2023-01-07 18:40:39', 1, 'admin', NULL),
('b10c408b-72ba-4220-a1d4-b2a710ebbd63', '2022-12-21 13:40:50', 1, 'admin', NULL),
('b11c9d01-b9d9-4fdc-a831-c4618369b9fc', '2022-12-26 10:40:04', 1, NULL, 'pep_proxy_6b7a2797-000c-4690-b583-4975aa1046d7'),
('b1507dd3-76a5-42b4-ab16-5434fa2cf5ae', '2022-12-19 16:48:29', 1, 'admin', NULL),
('b17710cf-873f-4fca-8aa0-15a43622e257', '2023-01-06 21:06:48', 1, 'admin', NULL),
('b1b23127-9c98-44f8-a5ec-f077e1075bff', '2022-12-26 11:31:29', 1, NULL, 'pep_proxy_6b7a2797-000c-4690-b583-4975aa1046d7'),
('b1cb1a22-bb3d-44a1-8cbd-1545c52092c0', '2022-12-29 12:35:12', 1, 'admin', NULL),
('b3fc1b14-376a-4cfb-811a-c0c706c8f60b', '2022-12-19 19:04:01', 1, 'admin', NULL),
('b438ba60-e551-4404-845f-2abd3aa7c45a', '2023-01-07 20:17:19', 1, NULL, 'pep_proxy_6b7a2797-000c-4690-b583-4975aa1046d7'),
('b4da438b-0de5-413f-8699-18fb70a8dc05', '2022-12-26 12:14:18', 1, NULL, 'pep_proxy_6b7a2797-000c-4690-b583-4975aa1046d7'),
('b5973da2-f415-484a-835e-303f21dd3533', '2022-12-19 15:09:34', 1, 'admin', NULL),
('b5a72deb-0d37-44bf-89ec-dd15714873dc', '2022-12-19 17:53:39', 1, 'admin', NULL),
('b6deaa72-a93f-44b3-b7da-6879c784c1ce', '2023-01-07 20:35:02', 1, 'admin', NULL),
('b6eb965d-d742-4cdf-81ab-e97595ddba2b', '2023-01-07 18:52:15', 1, NULL, 'pep_proxy_6b7a2797-000c-4690-b583-4975aa1046d7'),
('b81966ea-27d2-4a3f-acf7-8dd3207cb9e4', '2022-12-26 11:18:36', 1, 'admin', NULL),
('b8345c35-af5b-4d27-b07b-3191f59d99fb', '2023-01-06 20:39:36', 1, NULL, 'pep_proxy_6b7a2797-000c-4690-b583-4975aa1046d7'),
('b873acbb-749f-4f37-a8f0-14245c5d0a25', '2022-12-24 18:46:06', 1, NULL, 'pep_proxy_6b7a2797-000c-4690-b583-4975aa1046d7'),
('b8b1d521-eb2d-45a2-8c60-ae2d0e719542', '2023-01-01 16:01:31', 1, 'admin', NULL),
('b978e344-55d2-41d4-8340-dce259f567bf', '2023-01-07 20:23:28', 1, 'admin', NULL),
('b9794078-eae3-466f-bbc6-12d19b403294', '2023-01-01 12:34:23', 1, NULL, 'pep_proxy_6b7a2797-000c-4690-b583-4975aa1046d7'),
('ba081de6-e2db-4a33-b3a3-f56cb2aef7e6', '2023-01-01 15:39:26', 1, 'admin', NULL),
('ba58a619-52fd-4415-8acb-109196c2e679', '2022-12-25 18:24:56', 1, 'admin', NULL),
('ba6334b2-8afc-4828-99e1-020b29c1242b', '2022-12-25 18:14:49', 1, NULL, 'pep_proxy_6b7a2797-000c-4690-b583-4975aa1046d7'),
('ba7504f9-53f5-42ca-8814-082a876dfe2d', '2022-12-25 11:36:18', 1, 'admin', NULL),
('bada5176-eb10-4b05-8684-390103e902d7', '2022-12-29 13:21:18', 1, NULL, 'pep_proxy_6b7a2797-000c-4690-b583-4975aa1046d7'),
('bb10d4ce-c6e2-4d70-a4b2-7fd50d3c3e54', '2022-12-21 14:24:52', 1, 'admin', NULL),
('bb8f3e33-f91a-4628-8f09-ecdf5ace4085', '2023-01-07 19:16:32', 1, NULL, 'pep_proxy_6b7a2797-000c-4690-b583-4975aa1046d7'),
('bc200821-22d2-4c05-9234-41a3457fe6a5', '2022-12-25 17:03:22', 1, NULL, 'pep_proxy_6b7a2797-000c-4690-b583-4975aa1046d7'),
('bcc612c6-d357-42b8-8bcf-9e71488516d6', '2022-12-29 15:03:50', 1, 'admin', NULL),
('bce0cbc3-0a59-450b-8835-6304a118b28c', '2023-01-01 12:29:32', 1, NULL, 'pep_proxy_6b7a2797-000c-4690-b583-4975aa1046d7'),
('bce77def-3eb2-400e-9ef6-2bddf3939120', '2022-12-21 14:31:05', 1, 'admin', NULL),
('bd2b8d63-8b78-41cd-aaa7-4132f5a3b542', '2023-01-06 20:25:59', 1, NULL, 'pep_proxy_6b7a2797-000c-4690-b583-4975aa1046d7'),
('bdc06b46-1654-499f-90df-d1dad14ff8b7', '2023-01-07 18:52:15', 1, NULL, 'pep_proxy_6b7a2797-000c-4690-b583-4975aa1046d7'),
('be08e2ae-7d60-4797-ae1f-d0fb9817cdcf', '2022-12-25 10:53:28', 1, NULL, 'pep_proxy_6b7a2797-000c-4690-b583-4975aa1046d7'),
('bed71af3-88b8-4ffb-899f-2c1fcb5929fe', '2022-12-19 18:11:41', 1, 'admin', NULL),
('bf4599b7-0aa1-4c22-b0f9-3786327e7a46', '2023-01-06 13:20:04', 1, 'admin', NULL),
('bf79fd50-63f0-4e49-8dad-b5f924fe3fef', '2022-12-25 10:32:14', 1, NULL, 'pep_proxy_6b7a2797-000c-4690-b583-4975aa1046d7'),
('c041d187-4e1d-4caf-a3f3-32079426db26', '2022-12-19 14:00:59', 1, 'admin', NULL),
('c0a57203-6a6d-4fa2-b8ff-83389d8199dd', '2023-01-07 17:26:27', 1, NULL, 'pep_proxy_6b7a2797-000c-4690-b583-4975aa1046d7'),
('c0c721a2-3b5c-488b-b939-aa2546b6e94e', '2022-12-22 16:34:22', 1, 'admin', NULL),
('c0de08c3-547c-4ccb-94f9-d955807cdf0c', '2022-12-25 18:36:21', 1, 'admin', NULL),
('c102bd56-74e7-4936-aa07-7f8e21efabc0', '2023-01-06 17:05:41', 1, NULL, 'pep_proxy_6b7a2797-000c-4690-b583-4975aa1046d7'),
('c2214e49-8eef-4bbb-8824-7db1282257fb', '2022-12-19 18:16:46', 1, 'admin', NULL),
('c250910e-f80a-4503-a2f7-14ec4bc81607', '2022-12-18 08:39:47', 1, 'admin', NULL),
('c3147c1d-a70d-4c27-8836-c24f362b3dfc', '2022-12-18 10:10:53', 1, 'admin', NULL),
('c328c7b8-7ccb-45d5-88d0-bfe9001893d0', '2022-12-25 18:04:10', 1, 'admin', NULL),
('c35235f6-e7d3-47e6-9035-874c5aaa7d85', '2022-12-21 14:30:55', 1, 'admin', NULL),
('c3975df5-4099-4a5d-9358-733560edaeb7', '2022-12-25 18:44:31', 1, 'admin', NULL),
('c3beea43-6019-45cc-8522-0eaddbcc7854', '2022-12-27 13:02:42', 1, 'admin', NULL),
('c3d80351-7c02-4249-a18b-644cbc74ab15', '2022-12-19 11:42:32', 1, 'admin', NULL),
('c4e91776-68d1-4a1c-b723-a2f7871fe71e', '2023-01-06 13:47:44', 1, 'admin', NULL),
('c51af5c5-9bd9-4f22-8622-a3aad9da7fa3', '2023-01-06 18:12:27', 1, NULL, 'pep_proxy_6b7a2797-000c-4690-b583-4975aa1046d7'),
('c5b06778-b089-42c6-9acb-bc968707658d', '2023-01-06 18:34:20', 1, 'admin', NULL),
('c5c0814b-1723-4e7c-b1b9-922661f30b55', '2022-12-19 15:21:27', 1, 'admin', NULL),
('c5ea2b7d-d59a-4ba9-88a1-b4150ff752c9', '2022-12-29 16:26:34', 1, 'admin', NULL),
('c6a6730f-607a-495e-948d-3597d24e0b79', '2022-12-19 18:00:17', 1, 'admin', NULL),
('c704b465-840e-494e-a45b-b9c7cce56b7d', '2023-01-06 20:16:03', 1, 'admin', NULL),
('c719cd1e-4e80-42bd-9e94-d62269c1eea8', '2022-12-21 14:27:21', 1, 'admin', NULL),
('c8c8fb61-277c-4ddc-b1ec-74fbc3039f67', '2022-12-19 12:18:40', 1, 'admin', NULL),
('ca489540-7701-4f74-95e5-e5d2be7441e5', '2022-12-19 14:04:48', 1, 'admin', NULL),
('cb5229a0-edf8-48ce-b735-75f57ce1e67b', '2022-12-26 11:42:15', 1, 'admin', NULL),
('cc281059-0c98-4927-883d-0c5b8be866d6', '2022-12-21 14:29:45', 1, 'admin', NULL),
('cd05cec3-519b-4907-99cb-273bca9e9ccc', '2023-01-07 19:34:51', 1, NULL, 'pep_proxy_6b7a2797-000c-4690-b583-4975aa1046d7'),
('cdced707-0cf1-467b-a5b5-024afbc6af68', '2022-12-19 12:15:49', 1, 'admin', NULL),
('ce38ef0d-9fa3-4ff7-8d8e-35a9a19e8120', '2023-01-06 20:38:04', 1, NULL, 'pep_proxy_6b7a2797-000c-4690-b583-4975aa1046d7'),
('ce425293-9f9c-409d-b4d3-cc6b55d60b33', '2022-12-26 10:35:29', 1, NULL, 'pep_proxy_6b7a2797-000c-4690-b583-4975aa1046d7'),
('ce74056f-f288-4439-aa45-605e7ee219c0', '2023-01-06 21:02:57', 1, NULL, 'pep_proxy_6b7a2797-000c-4690-b583-4975aa1046d7'),
('ce8a75c6-1703-420a-9d51-30d5d6a4223f', '2022-12-25 11:21:45', 1, 'admin', NULL),
('cec17de7-502e-4934-a82c-ca5d24b6c33a', '2023-01-05 18:06:13', 1, 'admin', NULL),
('cf08747c-6b77-4593-8291-aafa6c6dd422', '2022-12-27 15:54:22', 1, NULL, 'pep_proxy_6b7a2797-000c-4690-b583-4975aa1046d7'),
('cf607e43-3aa5-4b3f-b58a-68a84bcc315a', '2023-01-01 17:02:24', 1, 'admin', NULL),
('cfb62a8c-028e-4245-a96e-56c68c8bee19', '2022-12-27 10:07:42', 1, NULL, 'pep_proxy_6b7a2797-000c-4690-b583-4975aa1046d7'),
('d012f7a5-2580-42fd-b203-3f67659055ee', '2022-12-19 18:06:58', 1, 'admin', NULL),
('d037e019-f1cc-4c0c-a078-4e49c05ef473', '2022-12-26 11:31:39', 1, 'admin', NULL),
('d03856d6-a88f-4d33-9c32-2db18c4564b7', '2022-12-19 18:05:54', 1, 'admin', NULL),
('d04360d8-2442-4d14-a93b-c1f102ed3ed9', '2022-12-25 10:23:57', 1, NULL, 'pep_proxy_6b7a2797-000c-4690-b583-4975aa1046d7'),
('d07b7506-56e6-492a-b471-da400f5db702', '2022-12-26 11:21:31', 1, NULL, 'pep_proxy_6b7a2797-000c-4690-b583-4975aa1046d7'),
('d08cb0d9-3a07-44a4-8eaf-3f9fb1f7bd81', '2023-01-05 18:26:52', 1, 'admin', NULL),
('d109694e-2397-4d04-8cca-3ec2db9d4299', '2022-12-21 14:31:00', 1, 'admin', NULL),
('d14f3017-14f5-455a-b083-8754d41bdcc1', '2022-12-19 16:54:53', 1, 'admin', NULL),
('d15bc34a-b48e-44a1-b49e-be70bbe2c77c', '2023-01-06 18:42:30', 1, NULL, 'pep_proxy_6b7a2797-000c-4690-b583-4975aa1046d7'),
('d19ed342-8ed2-47f4-a0fb-85b138b5f4ee', '2022-12-21 14:34:28', 1, 'admin', NULL),
('d1bab473-80d1-403d-b343-1d1f66346e0e', '2022-12-19 15:00:35', 1, 'admin', NULL),
('d1ffaf88-ec71-4716-ad53-c46537b478aa', '2022-12-19 12:17:33', 1, 'admin', NULL),
('d2c73dd8-965c-4d63-9d54-f020362181ac', '2022-12-25 12:21:02', 1, 'admin', NULL),
('d375f784-6d6c-4baa-a78f-5244a7d9e8ad', '2023-01-06 18:33:11', 1, NULL, 'pep_proxy_6b7a2797-000c-4690-b583-4975aa1046d7'),
('d43a740d-c164-427a-9ec9-fa9de1d97856', '2022-12-25 11:20:40', 1, NULL, 'pep_proxy_6b7a2797-000c-4690-b583-4975aa1046d7'),
('d5ff369a-d3e3-46eb-a29b-91ba0b4ab0c9', '2023-01-06 21:06:31', 1, NULL, 'pep_proxy_6b7a2797-000c-4690-b583-4975aa1046d7'),
('d61bcd31-0241-4d19-89f2-a408faad20ab', '2022-12-25 18:08:57', 1, 'admin', NULL),
('d6354993-cadf-410e-bd76-774db53f8484', '2022-12-25 16:27:17', 1, 'admin', NULL),
('d6c2a97d-d4c6-491d-9fa6-60907d210152', '2022-12-19 12:16:09', 1, 'admin', NULL),
('d6d9c061-aa07-4069-a090-1f2d7fa78b77', '2022-12-21 14:34:29', 1, 'admin', NULL),
('d6dee645-6aa6-4bbe-9669-ebc38d0d9171', '2022-12-19 17:17:48', 1, 'admin', NULL),
('d79757f6-68c2-4e42-b9d2-583a0cb8abd5', '2022-12-25 18:12:09', 1, NULL, 'pep_proxy_6b7a2797-000c-4690-b583-4975aa1046d7'),
('d7eec143-f8d0-4c59-92c3-bc741d82182d', '2022-12-24 10:01:02', 1, NULL, 'pep_proxy_6b7a2797-000c-4690-b583-4975aa1046d7'),
('d8096e86-ce00-4734-aeaa-ce09b27966fa', '2022-12-29 16:02:07', 1, 'admin', NULL),
('d97eabe2-a5da-43a8-af47-9de02f1bbc78', '2022-12-19 18:47:52', 1, 'admin', NULL),
('da99ccb4-6027-4636-98fd-cbb6c5c2d025', '2022-12-19 15:22:19', 1, 'admin', NULL),
('db467a74-b10e-40fb-a380-f3c125df3989', '2022-12-26 12:08:59', 1, NULL, 'pep_proxy_6b7a2797-000c-4690-b583-4975aa1046d7'),
('dc1ccd80-f373-4fc6-8717-8cd9f2646a90', '2022-12-19 17:53:27', 1, 'admin', NULL),
('dcaa8d91-8c4e-48a5-864f-55cab2ad5a35', '2022-12-25 18:39:32', 1, NULL, 'pep_proxy_6b7a2797-000c-4690-b583-4975aa1046d7'),
('dccdd729-a636-4d31-9788-3d45e88e3419', '2022-12-25 17:48:15', 1, NULL, 'pep_proxy_6b7a2797-000c-4690-b583-4975aa1046d7'),
('dcf3a449-b257-4e21-85e8-64bd0c98ebaa', '2022-12-29 10:28:42', 1, 'admin', NULL),
('ddab559a-e026-4adb-9b05-7393f70e9b0c', '2022-12-21 14:32:42', 1, 'admin', NULL),
('de5a1470-28cb-4734-a30b-ce62326eee92', '2022-12-19 18:52:49', 1, 'admin', NULL),
('def00ad1-cba5-47e4-b28e-b1a372ccbe54', '2023-01-06 20:25:59', 1, NULL, 'pep_proxy_6b7a2797-000c-4690-b583-4975aa1046d7'),
('df08d533-39c0-4a62-b222-8356c670adf9', '2023-01-01 12:46:26', 1, NULL, 'pep_proxy_6b7a2797-000c-4690-b583-4975aa1046d7'),
('df5c7aa5-0ba4-4b34-bbd7-33fb82b11a99', '2022-12-19 18:05:23', 1, 'admin', NULL),
('df98614f-c774-4539-a74a-f55d0dcc1885', '2022-12-19 18:05:20', 1, 'admin', NULL),
('e0c664d8-50d0-4d9b-a13d-7d9375ea05e2', '2022-12-19 17:26:16', 1, 'admin', NULL),
('e0ed4d7d-3f87-463a-a6fb-be5ce8879620', '2022-12-19 14:16:28', 1, 'admin', NULL),
('e10d39f9-9669-4755-b2e7-e61b307a6257', '2022-12-19 11:42:31', 1, 'admin', NULL),
('e1c8a5c8-303e-4d98-ad6b-13034beccd64', '2022-12-25 12:17:51', 1, 'admin', NULL),
('e2854b73-fe2e-4587-8299-2213e27fecb9', '2022-12-25 17:55:08', 1, 'admin', NULL),
('e2af5413-4301-4d7c-b9d9-d29965c744ef', '2022-12-21 14:34:31', 1, 'admin', NULL),
('e339db35-6dd7-4bbb-aead-0d790fd961ce', '2022-12-19 17:54:33', 1, 'admin', NULL),
('e42dd7bf-53f9-44ca-9291-1e46c8ae8a77', '2023-01-06 18:36:50', 1, NULL, 'pep_proxy_6b7a2797-000c-4690-b583-4975aa1046d7'),
('e4442532-4adf-4757-8f5c-7d14148cd698', '2022-12-26 12:14:41', 1, 'admin', NULL),
('e4582fac-3871-40a1-bdaf-5633d0323f8e', '2022-12-19 18:54:12', 1, 'admin', NULL),
('e4f4de69-78e9-4d2a-afcb-4dec958cd28f', '2023-01-06 17:31:16', 1, NULL, 'pep_proxy_6b7a2797-000c-4690-b583-4975aa1046d7'),
('e5079157-3ac7-4466-9c9e-c0f0fb6a0700', '2022-12-21 14:32:18', 1, 'admin', NULL),
('e51d2bf9-ad52-4e80-8a90-0e0439955d88', '2022-12-26 11:20:36', 1, 'admin', NULL),
('e530e028-fc49-430d-b8d5-ef87cd0c6716', '2022-12-21 14:47:24', 1, 'admin', NULL),
('e559db33-9886-468b-878f-24c7a06822e1', '2022-12-31 13:03:34', 1, NULL, 'pep_proxy_6b7a2797-000c-4690-b583-4975aa1046d7'),
('e5a9c862-df3f-40a6-8cff-6cca4ebb7d1b', '2023-01-06 18:14:38', 1, NULL, 'pep_proxy_6b7a2797-000c-4690-b583-4975aa1046d7'),
('e5dec612-575b-461f-8ed5-77ce42d5555c', '2023-01-06 17:13:58', 1, 'admin', NULL),
('e622fcfa-7416-44aa-aae0-cfed5fa90b8d', '2023-01-07 20:36:04', 1, 'admin', NULL),
('e686cb67-4469-4263-b532-b6367a9a4620', '2022-12-21 14:43:11', 1, 'admin', NULL),
('e6f7b56b-d28c-44cf-bcb9-b260e9596ee2', '2022-12-25 18:06:50', 1, 'admin', NULL),
('e7480765-00b3-4eff-b493-2e341942dfb2', '2022-12-25 12:14:38', 1, 'admin', NULL),
('e804eeaa-d6a2-4a45-8145-03b90a9be401', '2022-12-27 10:21:39', 1, NULL, 'pep_proxy_6b7a2797-000c-4690-b583-4975aa1046d7'),
('e9183e95-54d7-4321-878b-65d38b1afcba', '2022-12-27 10:38:37', 1, NULL, 'pep_proxy_6b7a2797-000c-4690-b583-4975aa1046d7'),
('e93637a8-913d-4ce1-8916-328ae68b5101', '2023-01-06 18:36:55', 1, 'admin', NULL);
INSERT INTO `auth_token` (`access_token`, `expires`, `valid`, `user_id`, `pep_proxy_id`) VALUES
('e9a2923f-6336-4dc1-af35-578b46c6b2f5', '2022-12-19 12:04:09', 1, 'admin', NULL),
('e9a6e821-02f0-4f8f-84a1-275234d8f471', '2022-12-25 18:45:59', 1, 'admin', NULL),
('e9cbc5b0-0ae5-405d-ba8f-69a8e7e3dc02', '2023-01-07 19:23:54', 1, 'admin', NULL),
('ea0c5f67-b467-4826-934b-5bcd67597bc4', '2022-12-18 09:18:08', 1, 'admin', NULL),
('ea1cbf9b-0f42-4a9a-89fb-bd99a9d233c8', '2022-12-19 18:57:43', 1, 'admin', NULL),
('ea968275-dbaf-48a8-93f6-e91741abfb43', '2022-12-21 14:34:26', 1, 'admin', NULL),
('eaa9d5ec-9dbf-415b-be0e-f30ad3baee03', '2022-12-25 10:32:28', 1, 'admin', NULL),
('eaeadfb8-8765-4414-92d5-2fdec63850f3', '2022-12-19 17:54:58', 1, 'admin', NULL),
('ec0e7535-d305-41f2-bff6-2eb897ce559e', '2022-12-21 14:20:15', 1, 'admin', NULL),
('ec80a983-f3ee-481f-a1ca-f10e36cc635f', '2022-12-19 12:04:10', 1, 'admin', NULL),
('ed4b4da3-5d18-4b98-8e25-270e4e6b4f78', '2022-12-25 19:17:20', 1, 'admin', NULL),
('ee0b784c-78a5-429a-ac0a-03f638ee1ce2', '2022-12-29 15:03:59', 1, 'admin', NULL),
('ee2b3c96-a9d2-4db2-ac0a-d4351ba45d2f', '2022-12-19 16:51:54', 1, 'admin', NULL),
('ee5b6634-8efc-4394-b899-d7accba57046', '2022-12-24 16:17:51', 1, 'admin', NULL),
('ef2e2e31-8c4a-4663-8360-463f9ab6c728', '2022-12-19 15:19:33', 1, 'admin', NULL),
('ef6fcb59-e069-4f89-988b-5f80c44720da', '2022-12-24 19:46:59', 1, NULL, 'pep_proxy_6b7a2797-000c-4690-b583-4975aa1046d7'),
('eff1d677-eb11-4841-b128-5d8d07cc6444', '2023-01-06 18:04:19', 1, NULL, 'pep_proxy_6b7a2797-000c-4690-b583-4975aa1046d7'),
('eff5f888-b419-45cd-ab6b-2a7546c56301', '2023-01-06 20:36:33', 1, NULL, 'pep_proxy_6b7a2797-000c-4690-b583-4975aa1046d7'),
('effd1317-1011-415a-9510-7e4de481f03e', '2022-12-29 12:32:13', 1, NULL, 'pep_proxy_6b7a2797-000c-4690-b583-4975aa1046d7'),
('f00ec67a-f996-4a86-b675-10bdd2645836', '2023-01-06 11:16:58', 1, NULL, 'pep_proxy_6b7a2797-000c-4690-b583-4975aa1046d7'),
('f149a1d2-dbc7-4736-97be-95fdc4b235a8', '2022-12-31 13:13:53', 1, NULL, 'pep_proxy_6b7a2797-000c-4690-b583-4975aa1046d7'),
('f1ac94b1-3648-4a1e-9584-76d5e3794307', '2022-12-25 11:39:59', 1, NULL, 'pep_proxy_6b7a2797-000c-4690-b583-4975aa1046d7'),
('f21014d7-022b-41f4-8a78-1c6b5481229d', '2022-12-25 17:59:28', 1, NULL, 'pep_proxy_6b7a2797-000c-4690-b583-4975aa1046d7'),
('f260232d-2ba6-4119-9d42-2870d421ee78', '2022-12-19 16:50:41', 1, 'admin', NULL),
('f46c222b-1a0e-455b-ba8f-2e38faddeb5f', '2022-12-19 18:03:14', 1, 'admin', NULL),
('f479867a-e0d9-4afb-a649-27beb6e7c02f', '2022-12-25 10:25:20', 1, 'admin', NULL),
('f4bae11d-b7f1-4dcc-92fb-ba8500b817f5', '2023-01-06 18:44:14', 1, NULL, 'pep_proxy_6b7a2797-000c-4690-b583-4975aa1046d7'),
('f5021fd4-a4bb-45b9-aa35-5d10bcaabe1d', '2023-01-06 18:36:50', 1, NULL, 'pep_proxy_6b7a2797-000c-4690-b583-4975aa1046d7'),
('f562743e-54f5-4bb7-beaf-9114f8da5248', '2023-01-05 11:03:35', 1, NULL, 'pep_proxy_6b7a2797-000c-4690-b583-4975aa1046d7'),
('f6760f43-86d3-4388-b778-49faae2429c2', '2022-12-25 12:13:12', 1, NULL, 'pep_proxy_6b7a2797-000c-4690-b583-4975aa1046d7'),
('f8628b10-99bf-41e1-a465-986b49462661', '2023-01-01 11:52:54', 1, NULL, 'pep_proxy_6b7a2797-000c-4690-b583-4975aa1046d7'),
('f87ef513-ef10-48c5-b10f-789aa1ffdba5', '2022-12-19 17:57:16', 1, 'admin', NULL),
('f89ee4b5-d9f8-4bc8-8b27-61f1be8a8e5c', '2022-12-27 10:48:34', 1, NULL, 'pep_proxy_6b7a2797-000c-4690-b583-4975aa1046d7'),
('f8a51b61-f171-4db2-8408-593b6c33daf9', '2023-01-07 20:29:52', 1, 'admin', NULL),
('f91796dd-d7f3-426e-a94b-abe7c22b631d', '2022-12-26 10:46:39', 1, 'admin', NULL),
('f9260b47-f121-4e0e-bc8e-1dc71cd7b028', '2023-01-06 17:38:58', 1, NULL, 'pep_proxy_6b7a2797-000c-4690-b583-4975aa1046d7'),
('f9bcac60-0b7b-46e4-b218-7b0b12dc19c4', '2022-12-29 10:11:30', 1, NULL, 'pep_proxy_6b7a2797-000c-4690-b583-4975aa1046d7'),
('fa604c3c-7902-4817-bb77-d8fb7303f30e', '2022-12-25 12:24:32', 1, 'admin', NULL),
('faff4049-6afa-4f20-9a73-3f3a3ca90503', '2022-12-25 10:19:58', 1, 'admin', NULL),
('fb48eaaf-318b-45e2-a353-d1fcf8263795', '2022-12-27 10:45:55', 1, NULL, 'pep_proxy_6b7a2797-000c-4690-b583-4975aa1046d7'),
('fb4bcd4f-6b59-40db-b798-cad8138ae2bd', '2022-12-21 14:48:29', 1, 'admin', NULL),
('fb8aad66-f432-469a-b958-423bccfd75c5', '2022-12-29 15:45:58', 1, 'admin', NULL),
('fbd7e370-7c1e-4073-8c7c-92aa2476e331', '2022-12-21 14:48:43', 1, 'admin', NULL),
('fc8ef59b-647b-41fc-ba68-c4e16b182337', '2022-12-19 17:50:08', 1, 'admin', NULL),
('fd2fa7a2-7e09-470b-aca4-43e5c65d2bdc', '2023-01-06 13:48:10', 1, 'admin', NULL),
('fd3ed3bb-23e6-485b-b18c-e1f7bc85b0d6', '2023-01-06 18:42:30', 1, NULL, 'pep_proxy_6b7a2797-000c-4690-b583-4975aa1046d7'),
('fd585924-2747-46e0-9cd5-73157608150f', '2023-01-06 18:27:34', 1, NULL, 'pep_proxy_6b7a2797-000c-4690-b583-4975aa1046d7'),
('fd67ea3f-e238-4196-91e6-f099a51f75d5', '2022-12-27 10:31:15', 1, NULL, 'pep_proxy_6b7a2797-000c-4690-b583-4975aa1046d7'),
('fd8da901-ed9e-4a9b-b9a8-ff649bb7c60f', '2022-12-19 18:13:17', 1, 'admin', NULL),
('fe3758e8-546c-4a39-a43d-38c56d26da6d', '2022-12-21 14:36:11', 1, 'admin', NULL),
('fe881920-d253-4a9f-9a52-8b3a1fe88f6b', '2023-01-07 20:20:46', 1, 'admin', NULL),
('ff5c76e2-1fca-463e-9623-029a15eb34d8', '2023-01-06 20:21:52', 1, NULL, 'pep_proxy_6b7a2797-000c-4690-b583-4975aa1046d7');

-- --------------------------------------------------------

--
-- Table structure for table `eidas_credentials`
--

CREATE TABLE `eidas_credentials` (
  `id` varchar(36) NOT NULL,
  `support_contact_person_name` varchar(255) DEFAULT NULL,
  `support_contact_person_surname` varchar(255) DEFAULT NULL,
  `support_contact_person_email` varchar(255) DEFAULT NULL,
  `support_contact_person_telephone_number` varchar(255) DEFAULT NULL,
  `support_contact_person_company` varchar(255) DEFAULT NULL,
  `technical_contact_person_name` varchar(255) DEFAULT NULL,
  `technical_contact_person_surname` varchar(255) DEFAULT NULL,
  `technical_contact_person_email` varchar(255) DEFAULT NULL,
  `technical_contact_person_telephone_number` varchar(255) DEFAULT NULL,
  `technical_contact_person_company` varchar(255) DEFAULT NULL,
  `organization_name` varchar(255) DEFAULT NULL,
  `organization_url` varchar(255) DEFAULT NULL,
  `oauth_client_id` varchar(36) DEFAULT NULL,
  `organization_nif` varchar(255) DEFAULT NULL,
  `sp_type` varchar(255) DEFAULT 'private',
  `attributes_list` json DEFAULT NULL
) ENGINE=InnoDB DEFAULT CHARSET=latin1;

-- --------------------------------------------------------

--
-- Table structure for table `iot`
--

CREATE TABLE `iot` (
  `id` varchar(255) NOT NULL,
  `password` varchar(40) DEFAULT NULL,
  `oauth_client_id` varchar(36) DEFAULT NULL,
  `salt` varchar(255) DEFAULT NULL
) ENGINE=InnoDB DEFAULT CHARSET=latin1;

-- --------------------------------------------------------

--
-- Table structure for table `oauth_access_token`
--

CREATE TABLE `oauth_access_token` (
  `access_token` varchar(255) NOT NULL,
  `expires` datetime DEFAULT NULL,
  `scope` varchar(2000) DEFAULT NULL,
  `refresh_token` varchar(255) DEFAULT NULL,
  `valid` tinyint(1) DEFAULT NULL,
  `extra` json DEFAULT NULL,
  `oauth_client_id` varchar(36) DEFAULT NULL,
  `user_id` varchar(36) DEFAULT NULL,
  `iot_id` varchar(255) DEFAULT NULL,
  `authorization_code` varchar(255) DEFAULT NULL
) ENGINE=InnoDB DEFAULT CHARSET=latin1;

--
-- Dumping data for table `oauth_access_token`
--

INSERT INTO `oauth_access_token` (`access_token`, `expires`, `scope`, `refresh_token`, `valid`, `extra`, `oauth_client_id`, `user_id`, `iot_id`, `authorization_code`) VALUES
('001ccbf5bf00411183b491510d9e90612ec41da4', '2022-12-31 10:34:08', 'bearer', 'd91d3d201c8beef0dd75a614f0ea12abcdf067b3', 1, NULL, 'd6e57ccf-9261-4ec7-a8da-bd9494871e4e', '76fab939-dc95-4fd6-bcca-e469ad42edd8', NULL, NULL),
('03d56593759527903fb356545b4d7c6ef00d5e6d', '2022-12-25 12:17:51', 'bearer', '1927a12ec60f0ac1dc2974c09675f5c9cfb9cd72', 1, NULL, 'd6e57ccf-9261-4ec7-a8da-bd9494871e4e', '76fab939-dc95-4fd6-bcca-e469ad42edd8', NULL, NULL),
('049d03bd23da8767a6c9f5ff6b8b7216e32e060b', '2022-12-21 14:45:21', 'bearer', '1e7bd63e0214e54495016f06e54cfb2ea03a7782', 1, NULL, 'd6e57ccf-9261-4ec7-a8da-bd9494871e4e', 'f60db722-c387-4615-bf8d-8c5c3c84098b', NULL, NULL),
('05a4a0a66263effa08c11a32d72aa67f59a6cdaa', '2022-12-25 18:57:23', 'bearer', '13e4fb7b4c45d2fe5b6e2b7b610a3dd673d969d6', 1, NULL, 'd6e57ccf-9261-4ec7-a8da-bd9494871e4e', '76fab939-dc95-4fd6-bcca-e469ad42edd8', NULL, NULL),
('05c6294da0292c76b98cd117f777b1ecb38cb025', '2022-12-26 10:46:39', 'bearer', 'ca916adf720f99ea0a7fbcbb3480ac24be250e18', 1, NULL, 'd6e57ccf-9261-4ec7-a8da-bd9494871e4e', '76fab939-dc95-4fd6-bcca-e469ad42edd8', NULL, NULL),
('0704e3f016877ab2e3da7b441a080aad525506ab', '2022-12-25 10:25:20', 'bearer', 'ffe10c6648da73b33ace41f1d2a15ebb1f804ecb', 1, NULL, 'd6e57ccf-9261-4ec7-a8da-bd9494871e4e', '76fab939-dc95-4fd6-bcca-e469ad42edd8', NULL, NULL),
('0754a0823e7e634488c9ac8e8a90f43f29196c2c', '2022-12-25 18:19:24', 'bearer', '135a53eff376fd659843caaf37d72ee7de23fb84', 1, NULL, 'd6e57ccf-9261-4ec7-a8da-bd9494871e4e', '76fab939-dc95-4fd6-bcca-e469ad42edd8', NULL, NULL),
('0778e49a3474eda838a3b3756a94f7d761b11579', '2022-12-29 16:03:30', 'bearer', 'f17bbe9fd9159c74cbf210908c11a4148478ca0b', 1, NULL, 'd6e57ccf-9261-4ec7-a8da-bd9494871e4e', '01df6d2a-2136-4344-82b7-192b0a9670bf', NULL, NULL),
('09225e09a8e8f7bc39b0114f7d8271d50e82f3b0', '2022-12-26 12:40:29', 'bearer', 'd1545cd3483ffc4c26995855c59997c0290e51e5', 1, NULL, 'd6e57ccf-9261-4ec7-a8da-bd9494871e4e', 'f60db722-c387-4615-bf8d-8c5c3c84098b', NULL, NULL),
('09c1703266efea6a26976744c4b3ade23f76e632', '2023-01-05 18:26:58', 'bearer', 'd2e57d1720f74a33a3d8fb0afdedc064ac0d0f77', 1, NULL, 'd6e57ccf-9261-4ec7-a8da-bd9494871e4e', '76fab939-dc95-4fd6-bcca-e469ad42edd8', NULL, NULL),
('0a627a51b65bdafe83976cafa37c004107f9d73c', '2023-01-06 18:14:44', 'bearer', 'd4d3f1dc949f0c20782074079fedab98fdb5d6f1', 1, NULL, 'd6e57ccf-9261-4ec7-a8da-bd9494871e4e', '76fab939-dc95-4fd6-bcca-e469ad42edd8', NULL, NULL),
('0b66e3ccd2118898ffbd98d8e33a019d2584a170', '2022-12-27 10:48:54', 'bearer', '283599e36f9b6759bf4808c0b2a93fdfe024bcda', 1, NULL, 'd6e57ccf-9261-4ec7-a8da-bd9494871e4e', '76fab939-dc95-4fd6-bcca-e469ad42edd8', NULL, NULL),
('0b8512998cbdcdd202b1f4f628130be80cac416f', '2022-12-25 10:49:52', 'bearer', '70e91fd0b3e55007cd24662a5f93d25aa1f64d94', 1, NULL, 'd6e57ccf-9261-4ec7-a8da-bd9494871e4e', '76fab939-dc95-4fd6-bcca-e469ad42edd8', NULL, NULL),
('0c7ac811979db6f91a29f68d1c277f0d41730d2f', '2022-12-26 11:42:15', 'bearer', 'a3e3c2efe234521c8f4316890541f22f5c089607', 1, NULL, 'd6e57ccf-9261-4ec7-a8da-bd9494871e4e', '76fab939-dc95-4fd6-bcca-e469ad42edd8', NULL, NULL),
('115798bba8619c064dd8124a232028a868988af4', '2022-12-21 14:36:21', 'bearer', 'ed4737af7276432949254c554b7b3aee79bb8555', 1, NULL, 'd6e57ccf-9261-4ec7-a8da-bd9494871e4e', 'f60db722-c387-4615-bf8d-8c5c3c84098b', NULL, NULL),
('1278c2557c73dbb4628b97dccf3e5e2317abbcc9', '2022-12-29 15:45:58', 'bearer', 'c6be8b9cca66e875c68c95b9750a83960fae81c0', 1, NULL, 'd6e57ccf-9261-4ec7-a8da-bd9494871e4e', '76fab939-dc95-4fd6-bcca-e469ad42edd8', NULL, NULL),
('14b7051b6c9480c928b5215fc8c307c77b5448da', '2023-01-07 20:35:02', 'bearer', 'ec42fcc5e41bb202eadf205e0b51fff918e4ae37', 1, NULL, 'd6e57ccf-9261-4ec7-a8da-bd9494871e4e', 'f60db722-c387-4615-bf8d-8c5c3c84098b', NULL, NULL),
('17003597c77b8574f13ab9c31b544aac3aad9465', '2023-01-07 20:23:43', 'bearer', '999d582589d76750c4af44aa0b61d91f9240968b', 1, NULL, 'd6e57ccf-9261-4ec7-a8da-bd9494871e4e', '76fab939-dc95-4fd6-bcca-e469ad42edd8', NULL, NULL),
('184457d10ae43c5ce95a9bdf806c5e1d328229fb', '2022-12-26 11:21:42', 'bearer', '8b65b32cebad1caa033c14c0fc59f146b1795f40', 1, NULL, 'd6e57ccf-9261-4ec7-a8da-bd9494871e4e', '76fab939-dc95-4fd6-bcca-e469ad42edd8', NULL, NULL),
('19476713c6b6280e2b3df290a5fb06668d563b87', '2023-01-07 19:23:54', 'bearer', 'd11df47d8c3a6fd9bcaf3049030ef820808d2600', 1, NULL, 'd6e57ccf-9261-4ec7-a8da-bd9494871e4e', 'f60db722-c387-4615-bf8d-8c5c3c84098b', NULL, NULL),
('198eb06e810b16214fe4c57042c4003702a8a764', '2022-12-27 10:40:16', 'bearer', 'ce38767039f332b4d284d176c0c8c68e5a9d8f77', 1, NULL, 'd6e57ccf-9261-4ec7-a8da-bd9494871e4e', '76fab939-dc95-4fd6-bcca-e469ad42edd8', NULL, NULL),
('20bd4f6cd10fad6143213098ef27fccaaa3bbf03', '2022-12-25 11:11:09', 'bearer', '3677744534a21675c163ece5f1c08069c58bb541', 1, NULL, 'd6e57ccf-9261-4ec7-a8da-bd9494871e4e', '76fab939-dc95-4fd6-bcca-e469ad42edd8', NULL, NULL),
('23128bd25cf4cef935f12ed893f954807f8f23cd', '2022-12-25 17:22:15', 'bearer', '6621feca8978068c7a437e3d49da6520b66a9720', 1, NULL, 'd6e57ccf-9261-4ec7-a8da-bd9494871e4e', '76fab939-dc95-4fd6-bcca-e469ad42edd8', NULL, NULL),
('23d4662030606f82e354faaa4032d64eda937681', '2022-12-25 17:30:08', 'bearer', '1787e498637e4999de11c040e93448a6d15dbc7f', 1, NULL, 'd6e57ccf-9261-4ec7-a8da-bd9494871e4e', '76fab939-dc95-4fd6-bcca-e469ad42edd8', NULL, NULL),
('249d08ca7ac1dab23a97d4a8f9aca37bccb3607d', '2022-12-25 19:05:48', 'bearer', '8d174171470275c4933254c15b39d3e245d32159', 1, NULL, 'd6e57ccf-9261-4ec7-a8da-bd9494871e4e', '76fab939-dc95-4fd6-bcca-e469ad42edd8', NULL, NULL),
('25c67a2eb308af27f5230c96355f64ab674da2ec', '2022-12-29 15:58:01', 'bearer', '06ccd701619030fd0dbbe98c4d3f697c6b98765f', 1, NULL, 'd6e57ccf-9261-4ec7-a8da-bd9494871e4e', '76fab939-dc95-4fd6-bcca-e469ad42edd8', NULL, NULL),
('25f6f0edbae5908d3942a2f524b9e6183e26e8a9', '2022-12-27 10:23:12', 'bearer', 'f5d23bd2d64d515a79d1d1fdb166c0759eaac4ba', 1, NULL, 'd6e57ccf-9261-4ec7-a8da-bd9494871e4e', '76fab939-dc95-4fd6-bcca-e469ad42edd8', NULL, NULL),
('29734386c83cca0fe25c5fa65fd611342c0c2e20', '2023-01-06 18:12:39', 'bearer', '0529d4ac3250cbbe0455bc786d3faf9d5c0a5445', 1, NULL, 'd6e57ccf-9261-4ec7-a8da-bd9494871e4e', '76fab939-dc95-4fd6-bcca-e469ad42edd8', NULL, NULL),
('298f589d27f5a1a94af4796e968c9ed7324df1ef', '2022-12-21 14:36:12', 'bearer', '18d1582fc6657776001fccf0a193f6ab656080a9', 1, NULL, 'd6e57ccf-9261-4ec7-a8da-bd9494871e4e', '76fab939-dc95-4fd6-bcca-e469ad42edd8', NULL, NULL),
('2b5fb04aadda5af79c48da1af722b4cdbec87a63', '2022-12-27 13:02:42', 'bearer', 'd05dd477546f5784e28f435712569c628890804d', 1, NULL, 'd6e57ccf-9261-4ec7-a8da-bd9494871e4e', '76fab939-dc95-4fd6-bcca-e469ad42edd8', NULL, NULL),
('2c28e84ee8e565e970593f965a3eb9e2778a51b8', '2023-01-07 17:26:41', 'bearer', '00bf01acaa8d7a5cab9ad41f2a5faefcdf4824dd', 1, NULL, 'd6e57ccf-9261-4ec7-a8da-bd9494871e4e', '76fab939-dc95-4fd6-bcca-e469ad42edd8', NULL, NULL),
('2d49788520017057ea0318bf570a94f88bada0aa', '2022-12-21 14:34:53', 'bearer', '1eb114687fcccd15f99ac3387313570bc2afaa66', 1, NULL, 'd6e57ccf-9261-4ec7-a8da-bd9494871e4e', '76fab939-dc95-4fd6-bcca-e469ad42edd8', NULL, NULL),
('2dc5edf550dc6c007b66fb4463e187ca56339720', '2022-12-25 16:27:18', 'bearer', '75c53444c772d18753d01439cc118e4d6c293d6b', 1, NULL, 'd6e57ccf-9261-4ec7-a8da-bd9494871e4e', '76fab939-dc95-4fd6-bcca-e469ad42edd8', NULL, NULL),
('31dba9be733f13beca643b52017a649f3b17e611', '2023-01-06 17:13:58', 'bearer', 'e19a1d38122a7fc20a8551798737eb7866812bc9', 1, NULL, 'd6e57ccf-9261-4ec7-a8da-bd9494871e4e', '76fab939-dc95-4fd6-bcca-e469ad42edd8', NULL, NULL),
('3477c45f02e4f045bb2936998bb8077c5b82d6b7', '2022-12-25 18:08:57', 'bearer', 'eb50f89fc20255744f437566513465c55406fc45', 1, NULL, 'd6e57ccf-9261-4ec7-a8da-bd9494871e4e', '76fab939-dc95-4fd6-bcca-e469ad42edd8', NULL, NULL),
('3508aef93193bc22067e84b38ec0c5566b073456', '2023-01-06 20:09:45', 'bearer', 'e032ec11774a0440ea199ef519e9c67250874b30', 1, NULL, 'd6e57ccf-9261-4ec7-a8da-bd9494871e4e', '76fab939-dc95-4fd6-bcca-e469ad42edd8', NULL, NULL),
('363883fa81bda7722287666a8c29d295b3d48bb4', '2022-12-25 11:31:55', 'bearer', '4e31765c59753f0585eda9b33ba9d764ac5b6686', 1, NULL, 'd6e57ccf-9261-4ec7-a8da-bd9494871e4e', '76fab939-dc95-4fd6-bcca-e469ad42edd8', NULL, NULL),
('36733c4fb0445ad5acc3389e9dbef6cdb3f95f1d', '2022-12-25 17:55:09', 'bearer', '2cc92e6fc4497968dbbf83ae0df39caf00dcb5d1', 1, NULL, 'd6e57ccf-9261-4ec7-a8da-bd9494871e4e', '76fab939-dc95-4fd6-bcca-e469ad42edd8', NULL, NULL),
('36b728b7b0ffedae0d1d7e1c7b04301801a217b3', '2022-12-29 10:28:42', 'bearer', '80f13140af07f4fd931ed043f839adda757568b6', 1, NULL, 'd6e57ccf-9261-4ec7-a8da-bd9494871e4e', '76fab939-dc95-4fd6-bcca-e469ad42edd8', NULL, NULL),
('3725ae06bb17f21539c62470ed07898a4b14d61f', '2023-01-06 17:31:24', 'bearer', 'a67ab0966c2d0229a8aded54b255effda1c38185', 1, NULL, 'd6e57ccf-9261-4ec7-a8da-bd9494871e4e', '76fab939-dc95-4fd6-bcca-e469ad42edd8', NULL, NULL),
('38582c1c85eb930849bc2edfef002841a3b5d6ca', '2022-12-21 14:31:04', 'bearer', '617679b4b937a69502d373af01f4f7edf03d1e5a', 1, NULL, 'd6e57ccf-9261-4ec7-a8da-bd9494871e4e', '76fab939-dc95-4fd6-bcca-e469ad42edd8', NULL, NULL),
('3882731f80b50d979b6e4ee340d351a797ce2360', '2022-12-21 14:31:02', 'bearer', 'df6f6c47e47c23277c425df8dd100d184266ac7f', 1, NULL, 'd6e57ccf-9261-4ec7-a8da-bd9494871e4e', '76fab939-dc95-4fd6-bcca-e469ad42edd8', NULL, NULL),
('39ae92d9506194518e03a67460ab0e163fe8ae35', '2023-01-06 13:48:10', 'bearer', 'cc6ce283ea4fad63130be63160e01b43d48923ef', 1, NULL, 'd6e57ccf-9261-4ec7-a8da-bd9494871e4e', '76fab939-dc95-4fd6-bcca-e469ad42edd8', NULL, NULL),
('39c597fa62345e937dfbb1b1e79cd503411cb7f2', '2023-01-06 20:16:04', 'bearer', '981931d5c7dc2aadee0303088041b4f35389aa61', 1, NULL, 'd6e57ccf-9261-4ec7-a8da-bd9494871e4e', '76fab939-dc95-4fd6-bcca-e469ad42edd8', NULL, NULL),
('3a6685d6f9e36ef3a20e4244855a6721fda77ea0', '2022-12-25 18:16:45', 'bearer', '4394344ed73babd104ca25b96a1eb9a453d1f91a', 1, NULL, 'd6e57ccf-9261-4ec7-a8da-bd9494871e4e', '76fab939-dc95-4fd6-bcca-e469ad42edd8', NULL, NULL),
('3ae5feaaed0eeaf61644a2a58ad690d95611a54b', '2022-12-26 10:35:55', 'bearer', '3a384b46e578313b6542259f7fe62bfeeaa3ebc3', 1, NULL, 'd6e57ccf-9261-4ec7-a8da-bd9494871e4e', '76fab939-dc95-4fd6-bcca-e469ad42edd8', NULL, NULL),
('3d2cb6e06b34f46c0723cc646c03c517167e9b68', '2022-12-26 11:31:39', 'bearer', 'fb2097e4e5cda918a2dac851ec9b5701d142c09a', 1, NULL, 'd6e57ccf-9261-4ec7-a8da-bd9494871e4e', '76fab939-dc95-4fd6-bcca-e469ad42edd8', NULL, NULL),
('3d609c70e6128bef525c280be3a9ccb8ad71f23c', '2022-12-24 18:06:15', 'bearer', '1c65a7f56668f76a6c2bb8650ea3d7798dd57246', 1, NULL, 'd6e57ccf-9261-4ec7-a8da-bd9494871e4e', '76fab939-dc95-4fd6-bcca-e469ad42edd8', NULL, NULL),
('421739f4b01e38dfd382bfcdc07d89f13dcc8f14', '2023-01-07 19:17:59', 'bearer', '3128f92e0af9b656009acb0f5733737978960d50', 1, NULL, 'd6e57ccf-9261-4ec7-a8da-bd9494871e4e', '76fab939-dc95-4fd6-bcca-e469ad42edd8', NULL, NULL),
('421d97de30219e24e140d31fd0e8de842cac8122', '2023-01-07 18:35:39', 'bearer', '4b8f09e7a1e5d7d09be3b6e55c22b8d6144eb3f4', 1, NULL, 'd6e57ccf-9261-4ec7-a8da-bd9494871e4e', '76fab939-dc95-4fd6-bcca-e469ad42edd8', NULL, NULL),
('421f289647b61243dd428686f916254ec5450d82', '2022-12-25 10:32:28', 'bearer', '0461a8ac68eadec26e711c706989bdf0f33db77e', 1, NULL, 'd6e57ccf-9261-4ec7-a8da-bd9494871e4e', '76fab939-dc95-4fd6-bcca-e469ad42edd8', NULL, NULL),
('42eadb5eda6dd6422f389aace54f8365a070b251', '2022-12-31 12:49:34', 'bearer', 'f506961491702a191ae75cce3b93c0aac0506ca2', 1, NULL, 'd6e57ccf-9261-4ec7-a8da-bd9494871e4e', '76fab939-dc95-4fd6-bcca-e469ad42edd8', NULL, NULL),
('430a32d73e5f769f760be0946ba17283c588baff', '2022-12-25 18:24:56', 'bearer', 'afed1be6a640832d55b414d1b45ff2b90cd523a0', 1, NULL, 'd6e57ccf-9261-4ec7-a8da-bd9494871e4e', '76fab939-dc95-4fd6-bcca-e469ad42edd8', NULL, NULL),
('43b37a3b3ee19714c59ac2089a271f62580a2cac', '2023-01-06 18:42:37', 'bearer', '9788b31db44bd1eb01e16e2525abb1298e23d6a1', 1, NULL, 'd6e57ccf-9261-4ec7-a8da-bd9494871e4e', '76fab939-dc95-4fd6-bcca-e469ad42edd8', NULL, NULL),
('4428bc03ddcec2ceef8903f8e76dbbcef14e0274', '2022-12-25 17:52:21', 'bearer', '4a9a944fd23caadf3d60ca69be3bf4c1970a5639', 1, NULL, 'd6e57ccf-9261-4ec7-a8da-bd9494871e4e', '76fab939-dc95-4fd6-bcca-e469ad42edd8', NULL, NULL),
('44840370126d6781e91f5a37d119377adf869895', '2023-01-07 19:35:58', 'bearer', 'c6a527088a1e38645f8926b3f224162ef6124ca5', 1, NULL, 'd6e57ccf-9261-4ec7-a8da-bd9494871e4e', '76fab939-dc95-4fd6-bcca-e469ad42edd8', NULL, NULL),
('44ef8eedc13d0f82e7e6fdc262ab2346185e30e0', '2022-12-26 13:15:42', 'bearer', '6c650a85b25e6d4a509b93787691446ae5cc4694', 1, NULL, 'd6e57ccf-9261-4ec7-a8da-bd9494871e4e', '76fab939-dc95-4fd6-bcca-e469ad42edd8', NULL, NULL),
('47cae65b6d624ab088688f3c342e829c2ff80e27', '2022-12-25 18:40:00', 'bearer', '9f775f57e9944325d808b81a7852aea0472d1b8c', 1, NULL, 'd6e57ccf-9261-4ec7-a8da-bd9494871e4e', '76fab939-dc95-4fd6-bcca-e469ad42edd8', NULL, NULL),
('4985f16d17a53ada52191fc8cf1521e613f192aa', '2022-12-25 11:42:03', 'bearer', '2e97b0d6eed081a5c0c7a3ba67d48258f78606dc', 1, NULL, 'd6e57ccf-9261-4ec7-a8da-bd9494871e4e', '76fab939-dc95-4fd6-bcca-e469ad42edd8', NULL, NULL),
('4a1b5957386b41c21a9157eef894b60b8487df09', '2023-01-06 18:17:04', 'bearer', 'a7e2fa300820a631b20381ecf4a8f07480a6f190', 1, NULL, 'd6e57ccf-9261-4ec7-a8da-bd9494871e4e', '76fab939-dc95-4fd6-bcca-e469ad42edd8', NULL, NULL),
('4b3ffa51c8f9e4942c5000e24201993fd473a27c', '2022-12-25 12:13:26', 'bearer', '5833e9d6e5816ea47cbf8653d0867bcf8403262d', 1, NULL, 'd6e57ccf-9261-4ec7-a8da-bd9494871e4e', '76fab939-dc95-4fd6-bcca-e469ad42edd8', NULL, NULL),
('4ca5f01138bbbc5e880501555bb63e8102de41af', '2022-12-25 18:46:00', 'bearer', '0d911d5dc4474ddd95e1240c7058a3fe9a14972b', 1, NULL, 'd6e57ccf-9261-4ec7-a8da-bd9494871e4e', '76fab939-dc95-4fd6-bcca-e469ad42edd8', NULL, NULL),
('4d747126eb43f91d2e781a9d17950ae6a56add40', '2022-12-25 19:17:21', 'bearer', '29b0c70e87db72d5dbdd13a570198498ae7368d2', 1, NULL, 'd6e57ccf-9261-4ec7-a8da-bd9494871e4e', '76fab939-dc95-4fd6-bcca-e469ad42edd8', NULL, NULL),
('4e236c2f2ce020886283387004e355cc5b0dd3be', '2022-12-27 10:16:56', 'bearer', '5b2f353f90a6004bf2f91ddb5ab27b5a6d7e9082', 1, NULL, 'd6e57ccf-9261-4ec7-a8da-bd9494871e4e', '76fab939-dc95-4fd6-bcca-e469ad42edd8', NULL, NULL),
('4e6a4f49e88f36f679800cc291e2a7a9eb4e26b4', '2022-12-25 19:11:46', 'bearer', '052b2ed2ba64126d150e59368ee94cc7d882b401', 1, NULL, 'd6e57ccf-9261-4ec7-a8da-bd9494871e4e', '76fab939-dc95-4fd6-bcca-e469ad42edd8', NULL, NULL),
('4fa6e2d4584c16fbca96982addff02ec2544659a', '2022-12-25 12:14:38', 'bearer', '171e58356eb8cb04b87f8f59c3dfef0839474176', 1, NULL, 'd6e57ccf-9261-4ec7-a8da-bd9494871e4e', '76fab939-dc95-4fd6-bcca-e469ad42edd8', NULL, NULL),
('4ff27b7f41b2cdfa7322c0dc1d59e737979c394e', '2022-12-25 17:28:05', 'bearer', 'f1a5f035bbb70f36784fd9410cacebbd51e341d6', 1, NULL, 'd6e57ccf-9261-4ec7-a8da-bd9494871e4e', '76fab939-dc95-4fd6-bcca-e469ad42edd8', NULL, NULL),
('4ff469f0421cbf4f7dee3f02f48cddf48749335e', '2023-01-06 17:36:02', 'bearer', 'ed0506bd7dc92e14fb958d68e9c6400f51f9b4df', 1, NULL, 'd6e57ccf-9261-4ec7-a8da-bd9494871e4e', '76fab939-dc95-4fd6-bcca-e469ad42edd8', NULL, NULL),
('5057b40a2044b6b84225a1903eb2974b34bf1385', '2022-12-21 14:36:53', 'bearer', '2829213baa71482e7d14ace717ee0d6db80489a5', 1, NULL, 'd6e57ccf-9261-4ec7-a8da-bd9494871e4e', 'f60db722-c387-4615-bf8d-8c5c3c84098b', NULL, NULL),
('527a35c7d578ab5f8fd19f916ad1ac9b9eb1d5d6', '2022-12-21 14:43:49', 'bearer', '1a4704443d0f1a671a1900de177c14c56aabe9f4', 1, NULL, 'd6e57ccf-9261-4ec7-a8da-bd9494871e4e', 'f60db722-c387-4615-bf8d-8c5c3c84098b', NULL, NULL),
('547da8c0409277971c8cb97f428b03e65af7a3b8', '2022-12-21 14:48:29', 'bearer', '758606881ba5f477d485e463caa7a797bede0deb', 1, NULL, 'd6e57ccf-9261-4ec7-a8da-bd9494871e4e', '76fab939-dc95-4fd6-bcca-e469ad42edd8', NULL, NULL),
('5575144c4a987950d9c32696cb4e540b7f75b8a4', '2022-12-25 11:40:10', 'bearer', '75478e50d5b46bac6f2e9e1710f79e0823ddbb14', 1, NULL, 'd6e57ccf-9261-4ec7-a8da-bd9494871e4e', '76fab939-dc95-4fd6-bcca-e469ad42edd8', NULL, NULL),
('55ee7a9f7fc8bb0a2f8d556bf3e5067e57fb2b14', '2022-12-21 14:43:13', 'bearer', 'da07cecbab03a942df1bab6daacebd67ac8d206f', 1, NULL, 'd6e57ccf-9261-4ec7-a8da-bd9494871e4e', 'f60db722-c387-4615-bf8d-8c5c3c84098b', NULL, NULL),
('56d947ccce554e6ba41035f9f9ab3c8a66598ec3', '2023-01-07 18:19:14', 'bearer', '72f37d08ab19dda15b191c499898a19a75c1154f', 1, NULL, 'd6e57ccf-9261-4ec7-a8da-bd9494871e4e', '76fab939-dc95-4fd6-bcca-e469ad42edd8', NULL, NULL),
('56ddabfc85ea4dabe6153637dcc7d6099dd5496a', '2022-12-24 18:46:34', 'bearer', '93ef7482287661682a6b6fda78cdd996ddc2e5f5', 1, NULL, 'd6e57ccf-9261-4ec7-a8da-bd9494871e4e', '76fab939-dc95-4fd6-bcca-e469ad42edd8', NULL, NULL),
('57232d428b50926fddc575ebc51893ced707bb14', '2022-12-21 14:34:28', 'bearer', 'b5584ced3a0a566a1face1f039859471cee49f0a', 1, NULL, 'd6e57ccf-9261-4ec7-a8da-bd9494871e4e', '76fab939-dc95-4fd6-bcca-e469ad42edd8', NULL, NULL),
('572bff2a85b3099348da8e5bb82ec9b4391dd8ce', '2022-12-26 10:53:23', 'bearer', 'ab8f3f5c95cf91efdbb72dd4bf1f118a35377e33', 1, NULL, 'd6e57ccf-9261-4ec7-a8da-bd9494871e4e', '76fab939-dc95-4fd6-bcca-e469ad42edd8', NULL, NULL),
('5bbbb73668e5953a44d841eb5f24d19ec1b48f0e', '2022-12-25 10:47:49', 'bearer', 'b144834f74e7bed13986b91efbad49ce3b6dbf16', 1, NULL, 'd6e57ccf-9261-4ec7-a8da-bd9494871e4e', '76fab939-dc95-4fd6-bcca-e469ad42edd8', NULL, NULL),
('5c0bec6b820ea10f21e427383946435ce42b04fc', '2022-12-25 12:18:55', 'bearer', 'af90155ab10b2fc25b662f0206d12ce780163d9d', 1, NULL, 'd6e57ccf-9261-4ec7-a8da-bd9494871e4e', '76fab939-dc95-4fd6-bcca-e469ad42edd8', NULL, NULL),
('5e2e53247d4c555cb098f4601662c7644c14437d', '2022-12-27 12:37:29', 'bearer', '530ac2d54d0ffd00f8d72d0cb3563869f953055e', 1, NULL, 'd6e57ccf-9261-4ec7-a8da-bd9494871e4e', '76fab939-dc95-4fd6-bcca-e469ad42edd8', NULL, NULL),
('5e6293767f6ea2ce05c13ec63e9da0aa9c8e6239', '2023-01-07 20:36:17', 'bearer', '70d16120da52a3b1fcbc1d9989cd80336fa6c2a9', 1, NULL, 'd6e57ccf-9261-4ec7-a8da-bd9494871e4e', '76fab939-dc95-4fd6-bcca-e469ad42edd8', NULL, NULL),
('5ecf7d29fd0443e4978ac8085f95dff2c3158e8f', '2022-12-25 18:48:15', 'bearer', 'a49cc6ebf8b8bba2bff505097c3eac0e02e54f74', 1, NULL, 'd6e57ccf-9261-4ec7-a8da-bd9494871e4e', '76fab939-dc95-4fd6-bcca-e469ad42edd8', NULL, NULL),
('5f63eeabc5ffc284b428586033e1494e17eb5f1a', '2022-12-21 14:30:59', 'bearer', 'dfaeeb92cb7000cdfccb6930ec6559cafb81be5a', 1, NULL, 'd6e57ccf-9261-4ec7-a8da-bd9494871e4e', '76fab939-dc95-4fd6-bcca-e469ad42edd8', NULL, NULL),
('61731e973e9c350e0bdc50db2330c72d82659754', '2023-01-07 20:29:52', 'bearer', '34a73486fb1cead1468a4663040821c4fff55541', 1, NULL, 'd6e57ccf-9261-4ec7-a8da-bd9494871e4e', 'f60db722-c387-4615-bf8d-8c5c3c84098b', NULL, NULL),
('61afb94b8f2e69cac2f4385b29ee16a1a5adc432', '2022-12-25 12:21:02', 'bearer', 'f79afac51d01a4aacb110f917b75ef3c422868f0', 1, NULL, 'd6e57ccf-9261-4ec7-a8da-bd9494871e4e', '76fab939-dc95-4fd6-bcca-e469ad42edd8', NULL, NULL),
('6370c6be1a9e92db440d2347369628f3228efbc4', '2023-01-06 13:47:44', 'bearer', '3d1f85529cb78e4b72746cedfd60753f4e181677', 1, NULL, 'd6e57ccf-9261-4ec7-a8da-bd9494871e4e', '76fab939-dc95-4fd6-bcca-e469ad42edd8', NULL, NULL),
('652cb1d85b309d11b93c9cf684c65663d0fe7e82', '2023-01-07 19:24:05', 'bearer', '20fb713ce0d200bffa2da2f471a42013e0c56883', 1, NULL, 'd6e57ccf-9261-4ec7-a8da-bd9494871e4e', '76fab939-dc95-4fd6-bcca-e469ad42edd8', NULL, NULL),
('67d4f410e25cc01a555eac4993e597e0242311eb', '2022-12-25 18:04:10', 'bearer', '85a83144832e49ddfec40550d28d15cf813771a0', 1, NULL, 'd6e57ccf-9261-4ec7-a8da-bd9494871e4e', '76fab939-dc95-4fd6-bcca-e469ad42edd8', NULL, NULL),
('68ca1a0d7fa35ac0edc19b0fed1febd8e39a261c', '2022-12-25 11:36:18', 'bearer', '29dec3a3bf543af7f7a34d0033c511c91bdb7091', 1, NULL, 'd6e57ccf-9261-4ec7-a8da-bd9494871e4e', '76fab939-dc95-4fd6-bcca-e469ad42edd8', NULL, NULL),
('6c9fe844ac17af19d85da92e1c2999c6bce60434', '2023-01-06 17:39:08', 'bearer', 'c6984748ccabfeab24f1b7573beeeb47cf12f604', 1, NULL, 'd6e57ccf-9261-4ec7-a8da-bd9494871e4e', '76fab939-dc95-4fd6-bcca-e469ad42edd8', NULL, NULL),
('6dbcb74147d660421084fac4bf024733cdc4a214', '2022-12-25 11:21:45', 'bearer', 'bb5a526280b82c10b21853397babab80cec433a3', 1, NULL, 'd6e57ccf-9261-4ec7-a8da-bd9494871e4e', '76fab939-dc95-4fd6-bcca-e469ad42edd8', NULL, NULL),
('6e13e7baec2b244cb7785669c1ffefd2c484b49b', '2023-01-06 18:36:55', 'bearer', 'c66e1e3abbc4b58ce1d961739c64f5fb9697e369', 1, NULL, 'd6e57ccf-9261-4ec7-a8da-bd9494871e4e', '76fab939-dc95-4fd6-bcca-e469ad42edd8', NULL, NULL),
('72b33fc09185bf50e74a9e2e40acf5251bc41ee4', '2023-01-06 13:47:55', 'bearer', '781e1ac39cdca06156c0fc28d41a3ff8a6a7b3c3', 1, NULL, 'd6e57ccf-9261-4ec7-a8da-bd9494871e4e', 'f60db722-c387-4615-bf8d-8c5c3c84098b', NULL, NULL),
('72d1860f138a506b8d05655bb6756774e9089291', '2022-12-26 11:20:36', 'bearer', '8a06a6974ede97b9a028b34d07e893916022d247', 1, NULL, 'd6e57ccf-9261-4ec7-a8da-bd9494871e4e', '76fab939-dc95-4fd6-bcca-e469ad42edd8', NULL, NULL),
('76c712e32071ae337a5e16ddcfe64dbee7f0411e', '2022-12-26 10:40:17', 'bearer', '4dbaa2821577442dba6a1d9d0976cac5a59ccfde', 1, NULL, 'd6e57ccf-9261-4ec7-a8da-bd9494871e4e', '76fab939-dc95-4fd6-bcca-e469ad42edd8', NULL, NULL),
('773146a26612aa233e7c342265ca1e2ca0c61558', '2023-01-06 18:04:29', 'bearer', 'a9811eca18d0e78aba2b4a9db55a6ac0ebfc50ec', 1, NULL, 'd6e57ccf-9261-4ec7-a8da-bd9494871e4e', '76fab939-dc95-4fd6-bcca-e469ad42edd8', NULL, NULL),
('773f100163591cf211d6e997ac5793e3a6bc8570', '2022-12-27 15:45:05', 'bearer', '507a016cfa8e0fa355b176a9704a472e2824314b', 1, NULL, 'd6e57ccf-9261-4ec7-a8da-bd9494871e4e', '76fab939-dc95-4fd6-bcca-e469ad42edd8', NULL, NULL),
('779d6234fb0c3c3bb34dba47180353d06f13188c', '2022-12-26 10:30:07', 'bearer', '3de6cbfaab43bf17954576842114e7f62801c1fa', 1, NULL, 'd6e57ccf-9261-4ec7-a8da-bd9494871e4e', '76fab939-dc95-4fd6-bcca-e469ad42edd8', NULL, NULL),
('77f6001fc35f72e9febb3b18980a26d5de2c499a', '2022-12-27 10:42:37', 'bearer', 'e279f07cdaccebbf49411a8017ca661864a8bbf2', 1, NULL, 'd6e57ccf-9261-4ec7-a8da-bd9494871e4e', '76fab939-dc95-4fd6-bcca-e469ad42edd8', NULL, NULL),
('78c12e0500d2434f9d4c6fef0d1fa3801191fb71', '2023-01-06 18:34:20', 'bearer', '1e65c691b2b78fd81ef937b8851dac620ca1b339', 1, NULL, 'd6e57ccf-9261-4ec7-a8da-bd9494871e4e', '76fab939-dc95-4fd6-bcca-e469ad42edd8', NULL, NULL),
('797e7ef6c532498f0a5601e24739a32ab93648c8', '2023-01-06 13:20:20', 'bearer', '30d74517d68aebb338fbce466722c413cc80e03c', 1, NULL, 'd6e57ccf-9261-4ec7-a8da-bd9494871e4e', 'f60db722-c387-4615-bf8d-8c5c3c84098b', NULL, NULL),
('79824d2c96f094eb86e19302528fcbeed6f0198d', '2023-01-06 18:27:46', 'bearer', '830d6900b116cbc9a5d136f2cc207c657c29666a', 1, NULL, 'd6e57ccf-9261-4ec7-a8da-bd9494871e4e', '76fab939-dc95-4fd6-bcca-e469ad42edd8', NULL, NULL),
('7a8a6dad41387b2c699e3afcdcdc03e300e74a86', '2022-12-27 10:52:38', 'bearer', '4058755375f5acd33b583c1650a3fdecd3d17afa', 1, NULL, 'd6e57ccf-9261-4ec7-a8da-bd9494871e4e', '76fab939-dc95-4fd6-bcca-e469ad42edd8', NULL, NULL),
('7b757edd71bca8a17c206695071e8b903dc2a4cc', '2023-01-07 18:35:18', 'bearer', 'c17b33de17d6ad40315dfe03a69cd943ed56f0ff', 1, NULL, 'd6e57ccf-9261-4ec7-a8da-bd9494871e4e', 'f60db722-c387-4615-bf8d-8c5c3c84098b', NULL, NULL),
('7bcc5ea6ca9307abeccc0225af808e7072b13a9f', '2022-12-24 19:47:11', 'bearer', '20054b994231722612d0c3fb26313bbf9614a317', 1, NULL, 'd6e57ccf-9261-4ec7-a8da-bd9494871e4e', '76fab939-dc95-4fd6-bcca-e469ad42edd8', NULL, NULL),
('7c645986dfb584370e8937037f950ef16db9845e', '2023-01-07 20:17:51', 'bearer', '2d3b1ed7ba4db2e7b09cbee0477b4e52e5c8b7b2', 1, NULL, 'd6e57ccf-9261-4ec7-a8da-bd9494871e4e', '76fab939-dc95-4fd6-bcca-e469ad42edd8', NULL, NULL),
('7cfae2866bd21fadd06455581598e85fb78b469a', '2022-12-21 14:34:30', 'bearer', '0cfa09d1c0a3a9f62793a56b3f5ab23b6eddbc9c', 1, NULL, 'd6e57ccf-9261-4ec7-a8da-bd9494871e4e', '76fab939-dc95-4fd6-bcca-e469ad42edd8', NULL, NULL),
('7d5ba2b5266ff2edddad9cbf70c7db123f31cc44', '2022-12-25 12:24:32', 'bearer', '0f1133636656087bcb53550f8252f1973516432c', 1, NULL, 'd6e57ccf-9261-4ec7-a8da-bd9494871e4e', '76fab939-dc95-4fd6-bcca-e469ad42edd8', NULL, NULL),
('7e4edd01b61276da06d6435128b3b8be6c02d5d0', '2022-12-21 14:28:22', 'bearer', '20e44fa0a95a5559946bfda4f9d0df2e9e7c2834', 1, NULL, 'd6e57ccf-9261-4ec7-a8da-bd9494871e4e', '76fab939-dc95-4fd6-bcca-e469ad42edd8', NULL, NULL),
('7fc7e5f7cf86fafe46f845c61c5e87be6976dd79', '2022-12-25 10:53:39', 'bearer', '580652919da2338d52603f6f8dfb1513e21b1771', 1, NULL, 'd6e57ccf-9261-4ec7-a8da-bd9494871e4e', '76fab939-dc95-4fd6-bcca-e469ad42edd8', NULL, NULL),
('81acbe80dc8ca0fb7355d2e4b51c996a5e1c58ad', '2023-01-06 18:31:54', 'bearer', '061ea3606108799f807429da6712112cc41977fb', 1, NULL, 'd6e57ccf-9261-4ec7-a8da-bd9494871e4e', '76fab939-dc95-4fd6-bcca-e469ad42edd8', NULL, NULL),
('841783beef1e334e4308a0e66e126ac261b11154', '2022-12-21 14:33:52', 'bearer', 'dfdd7edb937c3e1682a3fa6e58f2143dc83b95a8', 1, NULL, 'd6e57ccf-9261-4ec7-a8da-bd9494871e4e', '76fab939-dc95-4fd6-bcca-e469ad42edd8', NULL, NULL),
('86d3e76c61b4857e372480781ca7d928594a2900', '2022-12-27 11:55:36', 'bearer', '3052c348f134d84c8b9029b815fdcb1d398c373e', 1, NULL, 'd6e57ccf-9261-4ec7-a8da-bd9494871e4e', '76fab939-dc95-4fd6-bcca-e469ad42edd8', NULL, NULL),
('885ee09c6dcd6f0d51d60224517d2cd7c3b95844', '2023-01-06 21:06:48', 'bearer', 'cbaace99008dea0b5a925ceecc72b7ceac930920', 1, NULL, 'd6e57ccf-9261-4ec7-a8da-bd9494871e4e', '76fab939-dc95-4fd6-bcca-e469ad42edd8', NULL, NULL),
('8944819a436d80ca571dcee391323e37f3fa707d', '2022-12-21 14:46:05', 'bearer', '6cd78adeb9924730f3fd2b077ce1a72a9781c437', 1, NULL, 'd6e57ccf-9261-4ec7-a8da-bd9494871e4e', '76fab939-dc95-4fd6-bcca-e469ad42edd8', NULL, NULL),
('8a211d95f666f7b06aeab2848c49867345cd8c69', '2022-12-21 14:32:18', 'bearer', 'df977e23ca9dce2e7b6b1d6c779df8f89da863cd', 1, NULL, 'd6e57ccf-9261-4ec7-a8da-bd9494871e4e', '76fab939-dc95-4fd6-bcca-e469ad42edd8', NULL, NULL),
('8b757a32d66c65c2bfdcc811ef8866e0ed1ce816', '2022-12-25 18:06:50', 'bearer', 'eecee06bb521176475338760cc5d3d0f9f7f703d', 1, NULL, 'd6e57ccf-9261-4ec7-a8da-bd9494871e4e', '76fab939-dc95-4fd6-bcca-e469ad42edd8', NULL, NULL),
('8bb1989b47bba38a6636770a252da95cde392330', '2022-12-21 14:24:53', 'bearer', 'a20c5959a9c14b17a957c408e053f20b07648ccb', 1, NULL, 'd6e57ccf-9261-4ec7-a8da-bd9494871e4e', '76fab939-dc95-4fd6-bcca-e469ad42edd8', NULL, NULL),
('8bb28f787b384b3193fcf97f92a8e42f39180c27', '2023-01-01 15:39:26', 'bearer', '0770f4cd117039684ceeb5748362132effb63153', 1, NULL, 'd6e57ccf-9261-4ec7-a8da-bd9494871e4e', 'f60db722-c387-4615-bf8d-8c5c3c84098b', NULL, NULL),
('8ea2b08c0d0ff52296092319bdf62230c85d9c7a', '2022-12-22 16:34:28', 'bearer', '67c5c78dbb62a75a9c6ed4b11e065459ddca6aeb', 1, NULL, 'd6e57ccf-9261-4ec7-a8da-bd9494871e4e', 'f60db722-c387-4615-bf8d-8c5c3c84098b', NULL, NULL),
('9147b4c62fb524ad3b1d7f6b2deab76b0d9b0e2a', '2022-12-26 12:09:25', 'bearer', '9aabba7e536e12a4a064bacfdfbd7bbb50d3802c', 1, NULL, 'd6e57ccf-9261-4ec7-a8da-bd9494871e4e', '76fab939-dc95-4fd6-bcca-e469ad42edd8', NULL, NULL),
('9253ea944230c15f8404073d18fedcbf452b40fd', '2023-01-07 19:28:20', 'bearer', 'b16e4fda30b4ee1af061cd2e4c2c0207998bc7e1', 1, NULL, 'd6e57ccf-9261-4ec7-a8da-bd9494871e4e', '76fab939-dc95-4fd6-bcca-e469ad42edd8', NULL, NULL),
('943930306b6c9f856f288ee0b9113645138a67b3', '2023-01-01 17:02:24', 'bearer', 'bff390e781774d528b20938779597a759ee7d5de', 1, NULL, 'd6e57ccf-9261-4ec7-a8da-bd9494871e4e', '76fab939-dc95-4fd6-bcca-e469ad42edd8', NULL, NULL),
('97a4a7e464ccc5cdfc94f87fbcc94164713d59cd', '2022-12-21 14:33:38', 'bearer', '9aaa8111819dce86b7280beb370ecac70474e4cd', 1, NULL, 'd6e57ccf-9261-4ec7-a8da-bd9494871e4e', '76fab939-dc95-4fd6-bcca-e469ad42edd8', NULL, NULL),
('981fcf2f0b68a244c2c9fcf64c7d546a7fa80373', '2022-12-29 15:41:33', 'bearer', '6e5cbe63e515fe6663fb43a41a5b37b05feb7bb2', 1, NULL, 'd6e57ccf-9261-4ec7-a8da-bd9494871e4e', '76fab939-dc95-4fd6-bcca-e469ad42edd8', NULL, NULL),
('98ef43f4b31a25130a8509ea488f7c33a0a1303b', '2022-12-29 13:21:29', 'bearer', '9370f949e3055ebfec8d7776fb8df8e437ac6e62', 1, NULL, 'd6e57ccf-9261-4ec7-a8da-bd9494871e4e', '76fab939-dc95-4fd6-bcca-e469ad42edd8', NULL, NULL),
('9b0678bec3a6ae45774842b72108a565a8875d28', '2022-12-26 12:10:59', 'bearer', '5030f2bc07de5efb3bfd02c2dff7cf6ccaf67017', 1, NULL, 'd6e57ccf-9261-4ec7-a8da-bd9494871e4e', '76fab939-dc95-4fd6-bcca-e469ad42edd8', NULL, NULL),
('9c8486f9a37145e64971ec30e1d81a70cbb1709d', '2023-01-07 20:31:24', 'bearer', '6131b70f7008250729dc7902fb715cdbda019135', 1, NULL, 'd6e57ccf-9261-4ec7-a8da-bd9494871e4e', '76fab939-dc95-4fd6-bcca-e469ad42edd8', NULL, NULL),
('9dca1e6c76ff637ba2828c93c807d4830ecb93bf', '2023-01-07 20:36:04', 'bearer', '39624caab85951e822b8db47661bd44d151afbbf', 1, NULL, 'd6e57ccf-9261-4ec7-a8da-bd9494871e4e', 'f60db722-c387-4615-bf8d-8c5c3c84098b', NULL, NULL),
('9e4290f1bd53a94bc64091522e310d9b174b098d', '2022-12-25 18:12:18', 'bearer', '62318196531f6dce1156a52eb739f04351696f8a', 1, NULL, 'd6e57ccf-9261-4ec7-a8da-bd9494871e4e', '76fab939-dc95-4fd6-bcca-e469ad42edd8', NULL, NULL),
('9eb1f0faaf14fd988e7db7f76de7c5c2f9e425a7', '2022-12-29 12:35:12', 'bearer', '92478a51421c44261d0920ccd924be16509b0205', 1, NULL, 'd6e57ccf-9261-4ec7-a8da-bd9494871e4e', '76fab939-dc95-4fd6-bcca-e469ad42edd8', NULL, NULL),
('a0322dece7e40e76c2d014cd08ecf613ead8d6e5', '2022-12-25 17:04:19', 'bearer', 'b21485afbc70af8896826c8e450e52d9430f837f', 1, NULL, 'd6e57ccf-9261-4ec7-a8da-bd9494871e4e', '76fab939-dc95-4fd6-bcca-e469ad42edd8', NULL, NULL),
('a0e9f4d241af0089f35632a120bb33c0c834632e', '2022-12-22 21:12:03', 'bearer', '7bb7003af736e951dd3d26b7ccf03590b19729fa', 1, NULL, 'd6e57ccf-9261-4ec7-a8da-bd9494871e4e', '76fab939-dc95-4fd6-bcca-e469ad42edd8', NULL, NULL),
('a27dcec35b8735199dfc103698c230313733215a', '2022-12-21 14:34:27', 'bearer', '2f2f38f0a7533fc2b0c4a1521facc98ed32c2008', 1, NULL, 'd6e57ccf-9261-4ec7-a8da-bd9494871e4e', '76fab939-dc95-4fd6-bcca-e469ad42edd8', NULL, NULL),
('a49edb61ec28a0c0d3e5cc905ff71afe10b13af8', '2022-12-21 14:30:57', 'bearer', 'da38bae572cc0b5e2dd26eb0d4ae9074493134f9', 1, NULL, 'd6e57ccf-9261-4ec7-a8da-bd9494871e4e', '76fab939-dc95-4fd6-bcca-e469ad42edd8', NULL, NULL),
('a5d55ee4f70e91722475cf5c184bdc1c16636c5c', '2022-12-21 14:30:58', 'bearer', '2546468a88019ae88c7dc1568d60869b2e6b259f', 1, NULL, 'd6e57ccf-9261-4ec7-a8da-bd9494871e4e', '76fab939-dc95-4fd6-bcca-e469ad42edd8', NULL, NULL),
('a61047edd025dee32b19cfb1674f1c3b446f23b5', '2022-12-26 10:45:14', 'bearer', '5bb17cdfd7dd4b1ecc0196754ebc78276ba2264c', 1, NULL, 'd6e57ccf-9261-4ec7-a8da-bd9494871e4e', '76fab939-dc95-4fd6-bcca-e469ad42edd8', NULL, NULL),
('a9fd2ba339ece6955f4f6ee56c4dee4f039bb610', '2023-01-07 20:35:17', 'bearer', 'e55336a071af9ff4c5eae1ee0a885ff1abfe9445', 1, NULL, 'd6e57ccf-9261-4ec7-a8da-bd9494871e4e', '76fab939-dc95-4fd6-bcca-e469ad42edd8', NULL, NULL),
('ab314fe754b31c0cbc551dea3b31bef30fd13f16', '2023-01-06 18:44:21', 'bearer', '2620a290f9ab999effa0a8bb62f2b92115d8ce1f', 1, NULL, 'd6e57ccf-9261-4ec7-a8da-bd9494871e4e', '76fab939-dc95-4fd6-bcca-e469ad42edd8', NULL, NULL),
('ab8cbbc7ece2196adcbff1ea76bd39ae63743ae2', '2022-12-21 14:34:31', 'bearer', 'f06e107c9c133eb8b2c2f8a4b6c864fffcfcfddd', 1, NULL, 'd6e57ccf-9261-4ec7-a8da-bd9494871e4e', '76fab939-dc95-4fd6-bcca-e469ad42edd8', NULL, NULL),
('ac19bc5a28e0dd21d75e37d0b23bfac461fac414', '2022-12-25 18:36:21', 'bearer', 'c61bdc24ac1d988f8be3673a7095de224e1a1824', 1, NULL, 'd6e57ccf-9261-4ec7-a8da-bd9494871e4e', '76fab939-dc95-4fd6-bcca-e469ad42edd8', NULL, NULL),
('ae8c0e756437b2ef0bca5968e4a5377032c28c63', '2022-12-24 19:13:10', 'bearer', '79fd9c97245e2b8f0f12c0ced266f14d240aa119', 1, NULL, 'd6e57ccf-9261-4ec7-a8da-bd9494871e4e', '76fab939-dc95-4fd6-bcca-e469ad42edd8', NULL, NULL),
('af59371e4f19d4a7923492b0c6ded846bef1c1d9', '2022-12-26 12:12:18', 'bearer', 'f61180986b4b2ec61393d920f782f9d4b73e9aa8', 1, NULL, 'd6e57ccf-9261-4ec7-a8da-bd9494871e4e', '76fab939-dc95-4fd6-bcca-e469ad42edd8', NULL, NULL),
('b04343361e940706357b2585b3123386614b5b96', '2022-12-25 12:02:10', 'bearer', '721c1b711df8a4bb0e1016d1e523cd3fa57d2867', 1, NULL, 'd6e57ccf-9261-4ec7-a8da-bd9494871e4e', '76fab939-dc95-4fd6-bcca-e469ad42edd8', NULL, NULL),
('b0d17d16a4e80a450858d5b7585af7106630cfcc', '2022-12-29 16:26:34', 'bearer', '4f3222b4df2119d5daeb10bf6d0197f0a054dd30', 1, NULL, 'd6e57ccf-9261-4ec7-a8da-bd9494871e4e', '76fab939-dc95-4fd6-bcca-e469ad42edd8', NULL, NULL),
('b3954d1dbb00cfcb4283722ea40832d79bef06d3', '2023-01-07 20:20:46', 'bearer', 'ecfa4a110db0f85e10ffe2bf5dd91cfe2043f8e2', 1, NULL, 'd6e57ccf-9261-4ec7-a8da-bd9494871e4e', '76fab939-dc95-4fd6-bcca-e469ad42edd8', NULL, NULL),
('b4faa4c20a9ae2a723365ad65fd920f772ff4f15', '2022-12-27 13:44:04', 'bearer', 'b9f18889891171dcaa714d155abd040ebf416629', 1, NULL, 'd6e57ccf-9261-4ec7-a8da-bd9494871e4e', '76fab939-dc95-4fd6-bcca-e469ad42edd8', NULL, NULL),
('b504504d2ed286bd538ae7db66345fabe5e02d0f', '2023-01-07 20:23:28', 'bearer', '992b4dea0235c2cce18ef768025ae5c782aa2536', 1, NULL, 'd6e57ccf-9261-4ec7-a8da-bd9494871e4e', 'f60db722-c387-4615-bf8d-8c5c3c84098b', NULL, NULL),
('b5abe051d7a60b5f3755fe583a4df5e1c3e96fb5', '2023-01-05 18:06:13', 'bearer', '92fc044b478622c5f34edfb00a1eb38ddf6b42d4', 1, NULL, 'd6e57ccf-9261-4ec7-a8da-bd9494871e4e', '76fab939-dc95-4fd6-bcca-e469ad42edd8', NULL, NULL),
('b5c32ac1fb3adbf1fe77f887f19398e0075b2bf4', '2022-12-21 14:31:00', 'bearer', 'fa3b2dfc232f00d5f37415e0001bcdddb7737d93', 1, NULL, 'd6e57ccf-9261-4ec7-a8da-bd9494871e4e', '76fab939-dc95-4fd6-bcca-e469ad42edd8', NULL, NULL),
('b74d756f4e94d7c79257163458f14b6ae08feb62', '2022-12-25 17:49:15', 'bearer', 'bf0f60f0c67f61968c1fb6da587a455347ad3d37', 1, NULL, 'd6e57ccf-9261-4ec7-a8da-bd9494871e4e', '76fab939-dc95-4fd6-bcca-e469ad42edd8', NULL, NULL),
('bd3f8906cadac4e9f3dfcdb7f3278a655ee8cd73', '2022-12-21 14:27:21', 'bearer', '64bffc6b311ec0a630b9514b2e5811af5e2972cb', 1, NULL, 'd6e57ccf-9261-4ec7-a8da-bd9494871e4e', '76fab939-dc95-4fd6-bcca-e469ad42edd8', NULL, NULL),
('bd55b99299757cbf8be02b102f299d83568ba0d4', '2022-12-21 14:34:32', 'bearer', '0a034c12fa9ee0806d7bf201cabb7b6030070923', 1, NULL, 'd6e57ccf-9261-4ec7-a8da-bd9494871e4e', '76fab939-dc95-4fd6-bcca-e469ad42edd8', NULL, NULL),
('c08493c29d7fa66c9b8bf86972a67babdca01172', '2022-12-21 14:45:44', 'bearer', '3f70ff41f514b640ea0300650870fb7beb21ae4e', 1, NULL, 'd6e57ccf-9261-4ec7-a8da-bd9494871e4e', '76fab939-dc95-4fd6-bcca-e469ad42edd8', NULL, NULL),
('c3381b95fe177a5a9ae29f111effeac7cd3cd8ec', '2022-12-21 14:29:45', 'bearer', 'e99220d8cb4c26094c6ca33955bc8d9ef59bded8', 1, NULL, 'd6e57ccf-9261-4ec7-a8da-bd9494871e4e', '76fab939-dc95-4fd6-bcca-e469ad42edd8', NULL, NULL),
('c3b62fc9798b068a8de45b0bf0eab6466b268174', '2022-12-29 15:03:50', 'bearer', '7228bbe2f25616ecdc69351a588a6fa52f494516', 1, NULL, 'd6e57ccf-9261-4ec7-a8da-bd9494871e4e', '76fab939-dc95-4fd6-bcca-e469ad42edd8', NULL, NULL),
('c5ab9d91404ff4d6f311cd4c3741b93da3786688', '2023-01-07 18:52:41', 'bearer', '445fb5aba763a3fcd0f254df582cce5acd73a762', 1, NULL, 'd6e57ccf-9261-4ec7-a8da-bd9494871e4e', '76fab939-dc95-4fd6-bcca-e469ad42edd8', NULL, NULL),
('c6e006d5c117ef63dad3fa35feb346ba93ab67fb', '2022-12-26 12:39:57', 'bearer', '28609655a66f4e1ccb95ab2eb75589391a542bce', 1, NULL, 'd6e57ccf-9261-4ec7-a8da-bd9494871e4e', '76fab939-dc95-4fd6-bcca-e469ad42edd8', NULL, NULL),
('c78814fe3f57197f197e1638c2d079a43f509a74', '2023-01-06 17:41:42', 'bearer', '2c5196e5b5e5501333645813453dbe3dc1a5c660', 1, NULL, 'd6e57ccf-9261-4ec7-a8da-bd9494871e4e', '76fab939-dc95-4fd6-bcca-e469ad42edd8', NULL, NULL),
('c792c663fdac7dd7c69fcdbe171474ada08cc2ea', '2022-12-26 11:20:14', 'bearer', 'b6ad29f981f49943fe7dc273accebc05712bd5d3', 1, NULL, 'd6e57ccf-9261-4ec7-a8da-bd9494871e4e', '76fab939-dc95-4fd6-bcca-e469ad42edd8', NULL, NULL),
('c87cf24d89ce0f2ec6525b4875439e88102822a0', '2022-12-25 10:19:59', 'bearer', 'e9804cfc63c803bc9fa140e9c7870d195434e54a', 1, NULL, 'd6e57ccf-9261-4ec7-a8da-bd9494871e4e', '76fab939-dc95-4fd6-bcca-e469ad42edd8', NULL, NULL),
('c8acd272488226f6a6c7f959a4b74789a052129b', '2022-12-29 12:25:04', 'bearer', '1bf6c3666510554a107076b04904f9cce29ebe17', 1, NULL, 'd6e57ccf-9261-4ec7-a8da-bd9494871e4e', '76fab939-dc95-4fd6-bcca-e469ad42edd8', NULL, NULL),
('c8c848966e46f2e431947dd1357c6ffb5fdfdcb8', '2022-12-21 14:34:29', 'bearer', '94b1f59a84cecc64ddec818f85fe783ecea38744', 1, NULL, 'd6e57ccf-9261-4ec7-a8da-bd9494871e4e', '76fab939-dc95-4fd6-bcca-e469ad42edd8', NULL, NULL),
('c9e7b56f0f9d7bf26944d28360129f7080ad390b', '2022-12-25 17:59:46', 'bearer', '4312ca832e35cc8483751dadb73da7cc41025ea5', 1, NULL, 'd6e57ccf-9261-4ec7-a8da-bd9494871e4e', '76fab939-dc95-4fd6-bcca-e469ad42edd8', NULL, NULL),
('caae4da9d68d6ada19e2f6d1345cf279458f4d97', '2022-12-25 18:44:32', 'bearer', '26b6f5d6876b00ecba7cfaf03b5c94e8cef64e4f', 1, NULL, 'd6e57ccf-9261-4ec7-a8da-bd9494871e4e', '76fab939-dc95-4fd6-bcca-e469ad42edd8', NULL, NULL),
('cb3b0522b3e443104097bbbc804317ea9f57b4a8', '2022-12-21 14:35:04', 'bearer', '272087595e5ce4bb8598bdf95dccee51a183f37b', 1, NULL, 'd6e57ccf-9261-4ec7-a8da-bd9494871e4e', '76fab939-dc95-4fd6-bcca-e469ad42edd8', NULL, NULL),
('cbcc486c359b9034ba114947c52bc10de4df7d25', '2022-12-25 12:16:01', 'bearer', '6918fe47fe5fb1f579be9c08e68bd6adc9d7d59f', 1, NULL, 'd6e57ccf-9261-4ec7-a8da-bd9494871e4e', '76fab939-dc95-4fd6-bcca-e469ad42edd8', NULL, NULL),
('ccd048a67dff3de7b71889bf187d2a2aad537b95', '2023-01-01 16:01:31', 'bearer', '6821e25aa60151432be23250bf58a66878f548c9', 1, NULL, 'd6e57ccf-9261-4ec7-a8da-bd9494871e4e', 'f60db722-c387-4615-bf8d-8c5c3c84098b', NULL, NULL),
('ce462307336e77c4c89838dd782db18d0badaa8a', '2022-12-26 11:18:36', 'bearer', '4532d2c51c583d8f104576fce8e282f4b57f9805', 1, NULL, 'd6e57ccf-9261-4ec7-a8da-bd9494871e4e', '76fab939-dc95-4fd6-bcca-e469ad42edd8', NULL, NULL),
('d05f77f63c62625b91df6f76748a952763f68396', '2023-01-07 20:22:45', 'bearer', '6752cce6bd2cd0228d70d00d3a2721dbb7a8f031', 1, NULL, 'd6e57ccf-9261-4ec7-a8da-bd9494871e4e', 'f60db722-c387-4615-bf8d-8c5c3c84098b', NULL, NULL),
('d065777fd07397ec8a338ddff72f90aa1fcad043', '2022-12-29 10:11:46', 'bearer', '22c2bb578e24b19a1da1397ae5b30e17ebc839bb', 1, NULL, 'd6e57ccf-9261-4ec7-a8da-bd9494871e4e', '76fab939-dc95-4fd6-bcca-e469ad42edd8', NULL, NULL),
('d1a7fd5a8c54e10efbadc6b2129d176ef328333d', '2022-12-27 12:48:51', 'bearer', '596706e4ada3e3ec173e49dcedf89585124a2a68', 1, NULL, 'd6e57ccf-9261-4ec7-a8da-bd9494871e4e', '76fab939-dc95-4fd6-bcca-e469ad42edd8', NULL, NULL),
('d42ab5a7c389169a3f2c9de82e264210bbfc7754', '2022-12-25 18:01:45', 'bearer', '8b620c8f180f9476d84aff06b5795e03fe7041af', 1, NULL, 'd6e57ccf-9261-4ec7-a8da-bd9494871e4e', '76fab939-dc95-4fd6-bcca-e469ad42edd8', NULL, NULL),
('d4fa673e017ad38dc1b11fba1508f417ba7684da', '2023-01-07 20:17:33', 'bearer', 'efc6574a6154ffb0096b4da84e51fc836aeeff87', 1, NULL, 'd6e57ccf-9261-4ec7-a8da-bd9494871e4e', 'f60db722-c387-4615-bf8d-8c5c3c84098b', NULL, NULL),
('d5abc3343849c8f5a42a3b5b48b619df1d0584c4', '2022-12-21 14:32:42', 'bearer', '35c11cec2f1751948ed65716b254e66e2c0b361e', 1, NULL, 'd6e57ccf-9261-4ec7-a8da-bd9494871e4e', '76fab939-dc95-4fd6-bcca-e469ad42edd8', NULL, NULL),
('d7bcf86652b0c2a917379db2e9b78e0b350296a4', '2022-12-21 14:43:11', 'bearer', '1d538f04747ea9d4a7c32600e36b8550e75fcf6d', 1, NULL, 'd6e57ccf-9261-4ec7-a8da-bd9494871e4e', 'f60db722-c387-4615-bf8d-8c5c3c84098b', NULL, NULL),
('d8adf027453a1fb0d279315d3bbf2b8d08170094', '2023-01-07 18:30:52', 'bearer', 'd21f0679d455ff4bbe36200cc1127a344fcf0362', 1, NULL, 'd6e57ccf-9261-4ec7-a8da-bd9494871e4e', '76fab939-dc95-4fd6-bcca-e469ad42edd8', NULL, NULL),
('d9b0c476cd1ad500cf8db2fc59c15d8f1b97cc0f', '2023-01-07 18:50:41', 'bearer', '1c14769338883f94a39345837120d3e8a879d967', 1, NULL, 'd6e57ccf-9261-4ec7-a8da-bd9494871e4e', '76fab939-dc95-4fd6-bcca-e469ad42edd8', NULL, NULL),
('da28b9e2f54ab413b3a995fe73a1ec0f3fdefa88', '2023-01-06 13:20:04', 'bearer', '6c971ffdb52c9a5be00ff47428bfd88c3f505735', 1, NULL, 'd6e57ccf-9261-4ec7-a8da-bd9494871e4e', '76fab939-dc95-4fd6-bcca-e469ad42edd8', NULL, NULL),
('da3a94fcca5661ac69fd30f107e2ad53c3bccf31', '2022-12-27 10:46:28', 'bearer', '262c73d04d5f615dcbde3396a29379ec14f52940', 1, NULL, 'd6e57ccf-9261-4ec7-a8da-bd9494871e4e', '76fab939-dc95-4fd6-bcca-e469ad42edd8', NULL, NULL),
('db2c020348d17a6c6e8c9f022e91a711a218a98e', '2023-01-06 12:59:08', 'bearer', '842086198fb5f1197ab6d4f4dfbf4edfeb9d79a2', 1, NULL, 'd6e57ccf-9261-4ec7-a8da-bd9494871e4e', '76fab939-dc95-4fd6-bcca-e469ad42edd8', NULL, NULL),
('db3a11aae866ff65b53973c228e7aa446500a8a3', '2022-12-26 11:16:01', 'bearer', '22ba077d5defbd4f59dafd28d7694f9b99c8dbab', 1, NULL, 'd6e57ccf-9261-4ec7-a8da-bd9494871e4e', '76fab939-dc95-4fd6-bcca-e469ad42edd8', NULL, NULL),
('db42c0aaf083d2c5b552b8381133148471e25a83', '2022-12-25 18:10:43', 'bearer', '69b7df7a103030045884dbfc7a55b48ee8a3b428', 1, NULL, 'd6e57ccf-9261-4ec7-a8da-bd9494871e4e', '76fab939-dc95-4fd6-bcca-e469ad42edd8', NULL, NULL),
('dbfac7be02b7c31cb6b296ecb017b1bcd0c19e44', '2022-12-31 11:13:12', 'bearer', '3034467cd628a0c4c60566256daec986dbdfc78a', 1, NULL, 'd6e57ccf-9261-4ec7-a8da-bd9494871e4e', 'f60db722-c387-4615-bf8d-8c5c3c84098b', NULL, NULL),
('df345ca6f4423394451e4673478e52ceffc30178', '2023-01-07 19:26:45', 'bearer', '522d209d10650799eda0340597aea3f1c5e60e0f', 1, NULL, 'd6e57ccf-9261-4ec7-a8da-bd9494871e4e', 'f60db722-c387-4615-bf8d-8c5c3c84098b', NULL, NULL),
('e07d15ed908b0245e11be9288a13334c02c33f55', '2022-12-21 14:30:59', 'bearer', '31cf01d8f6ff626fedf04f469f01b11e6a9b6488', 1, NULL, 'd6e57ccf-9261-4ec7-a8da-bd9494871e4e', '76fab939-dc95-4fd6-bcca-e469ad42edd8', NULL, NULL),
('e268dac2e151d3d5ee427290bec89f7ca51a7d43', '2023-01-06 20:39:52', 'bearer', '527289e664e6db962e20806afb67aee3ceac77e6', 1, NULL, 'd6e57ccf-9261-4ec7-a8da-bd9494871e4e', '76fab939-dc95-4fd6-bcca-e469ad42edd8', NULL, NULL),
('e294b81dce181b75410260430e4d27287b02260f', '2022-12-21 14:30:09', 'bearer', '67bba1f706a001cfae35e58047b618a45a575a5b', 1, NULL, 'd6e57ccf-9261-4ec7-a8da-bd9494871e4e', '76fab939-dc95-4fd6-bcca-e469ad42edd8', NULL, NULL),
('e2ca2ea97d50a4bcb25a694c7b6d824fc88799bf', '2022-12-29 15:35:17', 'bearer', 'd2a429ac903f647fc0ca0daa150b8a56760157a2', 1, NULL, 'd6e57ccf-9261-4ec7-a8da-bd9494871e4e', '76fab939-dc95-4fd6-bcca-e469ad42edd8', NULL, NULL),
('e47872964966b2ef5cd19a4c54c7b4e2e509dba9', '2022-12-29 15:38:03', 'bearer', '3265779a4484c6ec1b90d414f9ec8831645ee55e', 1, NULL, 'd6e57ccf-9261-4ec7-a8da-bd9494871e4e', '76fab939-dc95-4fd6-bcca-e469ad42edd8', NULL, NULL),
('e7ae509586cacff2c896ba885caedda143fed958', '2023-01-06 21:03:08', 'bearer', '3c098632e3e72dd8e3345f8741489a64936a26f6', 1, NULL, 'd6e57ccf-9261-4ec7-a8da-bd9494871e4e', '76fab939-dc95-4fd6-bcca-e469ad42edd8', NULL, NULL),
('e7ef397a42a0c74944d5eaacfcacfebb9f24bc3d', '2022-12-21 14:34:26', 'bearer', '57f6704625ed54f789cf67ed6d6d86ad4d8debf3', 1, NULL, 'd6e57ccf-9261-4ec7-a8da-bd9494871e4e', '76fab939-dc95-4fd6-bcca-e469ad42edd8', NULL, NULL),
('e90f84fabad3b14631b5a5fb10af64f2ba1172bb', '2022-12-21 14:43:14', 'bearer', 'a961a2dd9954219e0205cf7b55a6815bdb2e6765', 1, NULL, 'd6e57ccf-9261-4ec7-a8da-bd9494871e4e', 'f60db722-c387-4615-bf8d-8c5c3c84098b', NULL, NULL),
('e94c6b576f0c5e697b63052dcfb02e3e8faf85e0', '2023-01-01 13:22:21', 'bearer', 'ca692f4ffff1ce35fa162c3a8d09e42574e74cdb', 1, NULL, 'd6e57ccf-9261-4ec7-a8da-bd9494871e4e', 'f60db722-c387-4615-bf8d-8c5c3c84098b', NULL, NULL),
('e9e09b65dd87839a18bbf05c971636842cbc4a45', '2023-01-06 18:39:03', 'bearer', '4e5094bb582092907fd52aa1c3c357db170cd4cc', 1, NULL, 'd6e57ccf-9261-4ec7-a8da-bd9494871e4e', '76fab939-dc95-4fd6-bcca-e469ad42edd8', NULL, NULL),
('eadbe82f39f00dd3e693f184247a9b105b56934a', '2022-12-21 14:36:11', 'bearer', '36e9330b6afddbaf75d7982f80fe72c4211f6c8a', 1, NULL, 'd6e57ccf-9261-4ec7-a8da-bd9494871e4e', '76fab939-dc95-4fd6-bcca-e469ad42edd8', NULL, NULL),
('eb326428b58015bc1cb458b7ece3bdf34ff7575e', '2022-12-21 14:36:09', 'bearer', 'ab747a9460499b868a709a1444c7461406083d03', 1, NULL, 'd6e57ccf-9261-4ec7-a8da-bd9494871e4e', '76fab939-dc95-4fd6-bcca-e469ad42edd8', NULL, NULL),
('eb9feda55684a7c26ba17152b00939e95c1f239c', '2022-12-21 14:47:30', 'bearer', '9e0c45c56824972386a58bae9ca68a01b7219f95', 1, NULL, 'd6e57ccf-9261-4ec7-a8da-bd9494871e4e', 'f60db722-c387-4615-bf8d-8c5c3c84098b', NULL, NULL),
('ed62897df13cffc1f32eea83d380275078df98ba', '2022-12-31 13:23:49', 'bearer', '82c4174aa0538f686bba80efec6ffa323c1bb6ba', 1, NULL, 'd6e57ccf-9261-4ec7-a8da-bd9494871e4e', '76fab939-dc95-4fd6-bcca-e469ad42edd8', NULL, NULL),
('ed9aaee90f45566b521968afd6d991859ffa9bd7', '2022-12-25 18:14:59', 'bearer', '93f0036f8b53823e6b02a28af2ae7a0f1236048f', 1, NULL, 'd6e57ccf-9261-4ec7-a8da-bd9494871e4e', '76fab939-dc95-4fd6-bcca-e469ad42edd8', NULL, NULL),
('ef1e743a5d6531186a2c50a9a797365b9581775d', '2022-12-29 15:03:59', 'bearer', '13308a74845aff3f626269beec451b9c818daf5c', 1, NULL, 'd6e57ccf-9261-4ec7-a8da-bd9494871e4e', '76fab939-dc95-4fd6-bcca-e469ad42edd8', NULL, NULL),
('f0dfdec441f7fe278acca08752db9a60af1521b0', '2023-01-01 12:46:36', 'bearer', '52d356dfdcced9404977222e688c97aaf9fe27b9', 1, NULL, 'd6e57ccf-9261-4ec7-a8da-bd9494871e4e', '76fab939-dc95-4fd6-bcca-e469ad42edd8', NULL, NULL),
('f1cd7d24c5f65a000ce2365b9c90c9b15d94ea96', '2022-12-22 20:45:49', 'bearer', '896ce4dbf0e13748cec808e12a944d6220ce02e2', 1, NULL, 'd6e57ccf-9261-4ec7-a8da-bd9494871e4e', 'f60db722-c387-4615-bf8d-8c5c3c84098b', NULL, NULL),
('f24fe742ef916c8a014249c7429018af13aaa856', '2023-01-01 16:00:51', 'bearer', '8805f365b543c4ac1acf9b567de5fe5d5afb8b2f', 1, NULL, 'd6e57ccf-9261-4ec7-a8da-bd9494871e4e', '76fab939-dc95-4fd6-bcca-e469ad42edd8', NULL, NULL),
('f45777bf8184a58d49bd5e471168d2071e47c31b', '2022-12-24 10:03:35', 'bearer', 'f713d36715538c0c7b4b503720dda08436d10a9e', 1, NULL, 'd6e57ccf-9261-4ec7-a8da-bd9494871e4e', 'f60db722-c387-4615-bf8d-8c5c3c84098b', NULL, NULL),
('f468ac6125bd1dec06b87dc655df565d03663edd', '2022-12-21 14:30:55', 'bearer', '6652fcabc4d96ab3bf9b1acb32289db093c0c965', 1, NULL, 'd6e57ccf-9261-4ec7-a8da-bd9494871e4e', '76fab939-dc95-4fd6-bcca-e469ad42edd8', NULL, NULL),
('f66fb3ed1cfbad7684225f6b1c1c41120b044041', '2022-12-27 15:54:32', 'bearer', '048e932567baea35d5ebc1b2d9629b47d42ff053', 1, NULL, 'd6e57ccf-9261-4ec7-a8da-bd9494871e4e', '76fab939-dc95-4fd6-bcca-e469ad42edd8', NULL, NULL),
('f73a4d97b6a90d8a1e892339ce80292394d842e5', '2022-12-25 19:21:56', 'bearer', '7173f2d8f2ed4b94d604b1cd338029bec68f66a3', 1, NULL, 'd6e57ccf-9261-4ec7-a8da-bd9494871e4e', '76fab939-dc95-4fd6-bcca-e469ad42edd8', NULL, NULL),
('fa0f9a5413dee274e0712259558d882503775a14', '2022-12-24 16:17:51', 'bearer', '1a94ad894fef51c8249311f54360bc15a1ae36de', 1, NULL, 'd6e57ccf-9261-4ec7-a8da-bd9494871e4e', '76fab939-dc95-4fd6-bcca-e469ad42edd8', NULL, NULL),
('fab1fa3cb26bd0abc21229118cb74f4364222c52', '2023-01-06 18:19:11', 'bearer', 'fe59a62e3af1eb861c9b90fd980f578950ebe0ef', 1, NULL, 'd6e57ccf-9261-4ec7-a8da-bd9494871e4e', '76fab939-dc95-4fd6-bcca-e469ad42edd8', NULL, NULL),
('fb857bc3106ab84e61b3657a49fc27c125b107d0', '2022-12-21 14:31:05', 'bearer', '25b6caa0436b3f398a27f6100e69399063444a74', 1, NULL, 'd6e57ccf-9261-4ec7-a8da-bd9494871e4e', '76fab939-dc95-4fd6-bcca-e469ad42edd8', NULL, NULL),
('fbbeb98c2476f925ed14384f212caba2fa1c0ff6', '2022-12-21 14:47:24', 'bearer', '6a4aca4bcc69f27583a63bcceb008dd141c89082', 1, NULL, 'd6e57ccf-9261-4ec7-a8da-bd9494871e4e', '76fab939-dc95-4fd6-bcca-e469ad42edd8', NULL, NULL),
('fc347ec382627480dc38bad13d204ab7de001442', '2022-12-26 12:14:41', 'bearer', '04d23ef60708420d5e12f77da72f55615b681e7b', 1, NULL, 'd6e57ccf-9261-4ec7-a8da-bd9494871e4e', '76fab939-dc95-4fd6-bcca-e469ad42edd8', NULL, NULL),
('fe74d90c4f5b7416fb7f67a4a67fea217a92bac7', '2022-12-21 14:34:29', 'bearer', 'a10820a6508e9edf4c020aa3111f1ca7bb3f37ba', 1, NULL, 'd6e57ccf-9261-4ec7-a8da-bd9494871e4e', '76fab939-dc95-4fd6-bcca-e469ad42edd8', NULL, NULL),
('fef980201858974c21b63907bed9ecb426ceaadb', '2023-01-07 18:40:45', 'bearer', 'faa31880ca14723128aed3830312a0a7acc65faf', 1, NULL, 'd6e57ccf-9261-4ec7-a8da-bd9494871e4e', 'f60db722-c387-4615-bf8d-8c5c3c84098b', NULL, NULL),
('ffdd9052ee6fa976dca4a79f0d1aac217d2887fe', '2022-12-21 14:20:15', 'bearer', '7fa00683208db4d9177b7313f207e63b3500c343', 1, NULL, 'd6e57ccf-9261-4ec7-a8da-bd9494871e4e', '76fab939-dc95-4fd6-bcca-e469ad42edd8', NULL, NULL);

-- --------------------------------------------------------

--
-- Table structure for table `oauth_authorization_code`
--

CREATE TABLE `oauth_authorization_code` (
  `authorization_code` varchar(256) NOT NULL,
  `expires` datetime DEFAULT NULL,
  `redirect_uri` varchar(2000) DEFAULT NULL,
  `scope` varchar(2000) DEFAULT NULL,
  `valid` tinyint(1) DEFAULT NULL,
  `extra` json DEFAULT NULL,
  `oauth_client_id` varchar(36) DEFAULT NULL,
  `user_id` varchar(36) DEFAULT NULL
) ENGINE=InnoDB DEFAULT CHARSET=latin1;

-- --------------------------------------------------------

--
-- Table structure for table `oauth_client`
--

CREATE TABLE `oauth_client` (
  `id` varchar(36) NOT NULL,
  `name` varchar(255) DEFAULT NULL,
  `description` text,
  `secret` char(36) CHARACTER SET latin1 COLLATE latin1_bin DEFAULT NULL,
  `url` varchar(2000) DEFAULT NULL,
  `redirect_uri` varchar(2000) DEFAULT NULL,
  `image` varchar(255) DEFAULT 'default',
  `grant_type` varchar(255) DEFAULT NULL,
  `response_type` varchar(255) DEFAULT NULL,
  `client_type` varchar(15) DEFAULT NULL,
  `scope` varchar(2000) DEFAULT NULL,
  `extra` json DEFAULT NULL,
  `token_types` varchar(2000) DEFAULT NULL,
  `jwt_secret` varchar(255) DEFAULT NULL,
  `redirect_sign_out_uri` varchar(2000) DEFAULT NULL
) ENGINE=InnoDB DEFAULT CHARSET=latin1;

--
-- Dumping data for table `oauth_client`
--

INSERT INTO `oauth_client` (`id`, `name`, `description`, `secret`, `url`, `redirect_uri`, `image`, `grant_type`, `response_type`, `client_type`, `scope`, `extra`, `token_types`, `jwt_secret`, `redirect_sign_out_uri`) VALUES
('d6e57ccf-9261-4ec7-a8da-bd9494871e4e', 'e_shop', 'An dockerized eshop web application', '1bf79773-d516-4f04-a9ac-7547f5c3b7aa', 'http://localhost/:80', 'http://localhost/:80/welcome.php', 'default', 'authorization_code,implicit,password,client_credentials,refresh_token', 'code,token', NULL, NULL, NULL, NULL, NULL, 'http://localhost/:80'),
('idm_admin_app', 'idm', 'idm', NULL, '', '', 'default', '', '', NULL, NULL, NULL, NULL, NULL, NULL);

-- --------------------------------------------------------

--
-- Table structure for table `oauth_refresh_token`
--

CREATE TABLE `oauth_refresh_token` (
  `refresh_token` varchar(256) NOT NULL,
  `expires` datetime DEFAULT NULL,
  `scope` varchar(2000) DEFAULT NULL,
  `oauth_client_id` varchar(36) DEFAULT NULL,
  `user_id` varchar(36) DEFAULT NULL,
  `iot_id` varchar(255) DEFAULT NULL,
  `authorization_code` varchar(255) DEFAULT NULL,
  `valid` tinyint(1) DEFAULT NULL
) ENGINE=InnoDB DEFAULT CHARSET=latin1;

--
-- Dumping data for table `oauth_refresh_token`
--

INSERT INTO `oauth_refresh_token` (`refresh_token`, `expires`, `scope`, `oauth_client_id`, `user_id`, `iot_id`, `authorization_code`, `valid`) VALUES
('00bf01acaa8d7a5cab9ad41f2a5faefcdf4824dd', '2023-01-21 16:26:41', 'bearer', 'd6e57ccf-9261-4ec7-a8da-bd9494871e4e', '76fab939-dc95-4fd6-bcca-e469ad42edd8', NULL, NULL, 1),
('0461a8ac68eadec26e711c706989bdf0f33db77e', '2023-01-08 09:32:28', 'bearer', 'd6e57ccf-9261-4ec7-a8da-bd9494871e4e', '76fab939-dc95-4fd6-bcca-e469ad42edd8', NULL, NULL, 1),
('048e932567baea35d5ebc1b2d9629b47d42ff053', '2023-01-10 14:54:32', 'bearer', 'd6e57ccf-9261-4ec7-a8da-bd9494871e4e', '76fab939-dc95-4fd6-bcca-e469ad42edd8', NULL, NULL, 1),
('04d23ef60708420d5e12f77da72f55615b681e7b', '2023-01-09 11:14:41', 'bearer', 'd6e57ccf-9261-4ec7-a8da-bd9494871e4e', '76fab939-dc95-4fd6-bcca-e469ad42edd8', NULL, NULL, 1),
('0529d4ac3250cbbe0455bc786d3faf9d5c0a5445', '2023-01-20 17:12:39', 'bearer', 'd6e57ccf-9261-4ec7-a8da-bd9494871e4e', '76fab939-dc95-4fd6-bcca-e469ad42edd8', NULL, NULL, 1),
('052b2ed2ba64126d150e59368ee94cc7d882b401', '2023-01-08 18:11:46', 'bearer', 'd6e57ccf-9261-4ec7-a8da-bd9494871e4e', '76fab939-dc95-4fd6-bcca-e469ad42edd8', NULL, NULL, 1),
('061ea3606108799f807429da6712112cc41977fb', '2023-01-20 17:31:54', 'bearer', 'd6e57ccf-9261-4ec7-a8da-bd9494871e4e', '76fab939-dc95-4fd6-bcca-e469ad42edd8', NULL, NULL, 1),
('06ccd701619030fd0dbbe98c4d3f697c6b98765f', '2023-01-12 14:58:01', 'bearer', 'd6e57ccf-9261-4ec7-a8da-bd9494871e4e', '76fab939-dc95-4fd6-bcca-e469ad42edd8', NULL, NULL, 1),
('0770f4cd117039684ceeb5748362132effb63153', '2023-01-15 14:39:26', 'bearer', 'd6e57ccf-9261-4ec7-a8da-bd9494871e4e', 'f60db722-c387-4615-bf8d-8c5c3c84098b', NULL, NULL, 1),
('0a034c12fa9ee0806d7bf201cabb7b6030070923', '2023-01-04 13:34:32', 'bearer', 'd6e57ccf-9261-4ec7-a8da-bd9494871e4e', '76fab939-dc95-4fd6-bcca-e469ad42edd8', NULL, NULL, 1),
('0cfa09d1c0a3a9f62793a56b3f5ab23b6eddbc9c', '2023-01-04 13:34:30', 'bearer', 'd6e57ccf-9261-4ec7-a8da-bd9494871e4e', '76fab939-dc95-4fd6-bcca-e469ad42edd8', NULL, NULL, 1),
('0d911d5dc4474ddd95e1240c7058a3fe9a14972b', '2023-01-08 17:46:00', 'bearer', 'd6e57ccf-9261-4ec7-a8da-bd9494871e4e', '76fab939-dc95-4fd6-bcca-e469ad42edd8', NULL, NULL, 1),
('0f1133636656087bcb53550f8252f1973516432c', '2023-01-08 11:24:32', 'bearer', 'd6e57ccf-9261-4ec7-a8da-bd9494871e4e', '76fab939-dc95-4fd6-bcca-e469ad42edd8', NULL, NULL, 1),
('13308a74845aff3f626269beec451b9c818daf5c', '2023-01-12 14:03:59', 'bearer', 'd6e57ccf-9261-4ec7-a8da-bd9494871e4e', '76fab939-dc95-4fd6-bcca-e469ad42edd8', NULL, NULL, 1),
('135a53eff376fd659843caaf37d72ee7de23fb84', '2023-01-08 17:19:24', 'bearer', 'd6e57ccf-9261-4ec7-a8da-bd9494871e4e', '76fab939-dc95-4fd6-bcca-e469ad42edd8', NULL, NULL, 1),
('13e4fb7b4c45d2fe5b6e2b7b610a3dd673d969d6', '2023-01-08 17:57:23', 'bearer', 'd6e57ccf-9261-4ec7-a8da-bd9494871e4e', '76fab939-dc95-4fd6-bcca-e469ad42edd8', NULL, NULL, 1),
('171e58356eb8cb04b87f8f59c3dfef0839474176', '2023-01-08 11:14:38', 'bearer', 'd6e57ccf-9261-4ec7-a8da-bd9494871e4e', '76fab939-dc95-4fd6-bcca-e469ad42edd8', NULL, NULL, 1),
('1787e498637e4999de11c040e93448a6d15dbc7f', '2023-01-08 16:30:08', 'bearer', 'd6e57ccf-9261-4ec7-a8da-bd9494871e4e', '76fab939-dc95-4fd6-bcca-e469ad42edd8', NULL, NULL, 1),
('18d1582fc6657776001fccf0a193f6ab656080a9', '2023-01-04 13:36:12', 'bearer', 'd6e57ccf-9261-4ec7-a8da-bd9494871e4e', '76fab939-dc95-4fd6-bcca-e469ad42edd8', NULL, NULL, 1),
('1927a12ec60f0ac1dc2974c09675f5c9cfb9cd72', '2023-01-08 11:17:51', 'bearer', 'd6e57ccf-9261-4ec7-a8da-bd9494871e4e', '76fab939-dc95-4fd6-bcca-e469ad42edd8', NULL, NULL, 1),
('1a4704443d0f1a671a1900de177c14c56aabe9f4', '2023-01-04 13:43:49', 'bearer', 'd6e57ccf-9261-4ec7-a8da-bd9494871e4e', 'f60db722-c387-4615-bf8d-8c5c3c84098b', NULL, NULL, 1),
('1a94ad894fef51c8249311f54360bc15a1ae36de', '2023-01-07 15:17:51', 'bearer', 'd6e57ccf-9261-4ec7-a8da-bd9494871e4e', '76fab939-dc95-4fd6-bcca-e469ad42edd8', NULL, NULL, 1),
('1bf6c3666510554a107076b04904f9cce29ebe17', '2023-01-12 11:25:04', 'bearer', 'd6e57ccf-9261-4ec7-a8da-bd9494871e4e', '76fab939-dc95-4fd6-bcca-e469ad42edd8', NULL, NULL, 1),
('1c14769338883f94a39345837120d3e8a879d967', '2023-01-21 17:50:41', 'bearer', 'd6e57ccf-9261-4ec7-a8da-bd9494871e4e', '76fab939-dc95-4fd6-bcca-e469ad42edd8', NULL, NULL, 1),
('1c65a7f56668f76a6c2bb8650ea3d7798dd57246', '2023-01-07 17:06:15', 'bearer', 'd6e57ccf-9261-4ec7-a8da-bd9494871e4e', '76fab939-dc95-4fd6-bcca-e469ad42edd8', NULL, NULL, 1),
('1d538f04747ea9d4a7c32600e36b8550e75fcf6d', '2023-01-04 13:43:11', 'bearer', 'd6e57ccf-9261-4ec7-a8da-bd9494871e4e', 'f60db722-c387-4615-bf8d-8c5c3c84098b', NULL, NULL, 1),
('1e65c691b2b78fd81ef937b8851dac620ca1b339', '2023-01-20 17:34:20', 'bearer', 'd6e57ccf-9261-4ec7-a8da-bd9494871e4e', '76fab939-dc95-4fd6-bcca-e469ad42edd8', NULL, NULL, 1),
('1e7bd63e0214e54495016f06e54cfb2ea03a7782', '2023-01-04 13:45:21', 'bearer', 'd6e57ccf-9261-4ec7-a8da-bd9494871e4e', 'f60db722-c387-4615-bf8d-8c5c3c84098b', NULL, NULL, 1),
('1eb114687fcccd15f99ac3387313570bc2afaa66', '2023-01-04 13:34:53', 'bearer', 'd6e57ccf-9261-4ec7-a8da-bd9494871e4e', '76fab939-dc95-4fd6-bcca-e469ad42edd8', NULL, NULL, 1),
('20054b994231722612d0c3fb26313bbf9614a317', '2023-01-07 18:47:11', 'bearer', 'd6e57ccf-9261-4ec7-a8da-bd9494871e4e', '76fab939-dc95-4fd6-bcca-e469ad42edd8', NULL, NULL, 1),
('20e44fa0a95a5559946bfda4f9d0df2e9e7c2834', '2023-01-04 13:28:22', 'bearer', 'd6e57ccf-9261-4ec7-a8da-bd9494871e4e', '76fab939-dc95-4fd6-bcca-e469ad42edd8', NULL, NULL, 1),
('20fb713ce0d200bffa2da2f471a42013e0c56883', '2023-01-21 18:24:05', 'bearer', 'd6e57ccf-9261-4ec7-a8da-bd9494871e4e', '76fab939-dc95-4fd6-bcca-e469ad42edd8', NULL, NULL, 1),
('22ba077d5defbd4f59dafd28d7694f9b99c8dbab', '2023-01-09 10:16:01', 'bearer', 'd6e57ccf-9261-4ec7-a8da-bd9494871e4e', '76fab939-dc95-4fd6-bcca-e469ad42edd8', NULL, NULL, 1),
('22c2bb578e24b19a1da1397ae5b30e17ebc839bb', '2023-01-12 09:11:46', 'bearer', 'd6e57ccf-9261-4ec7-a8da-bd9494871e4e', '76fab939-dc95-4fd6-bcca-e469ad42edd8', NULL, NULL, 1),
('2546468a88019ae88c7dc1568d60869b2e6b259f', '2023-01-04 13:30:58', 'bearer', 'd6e57ccf-9261-4ec7-a8da-bd9494871e4e', '76fab939-dc95-4fd6-bcca-e469ad42edd8', NULL, NULL, 1),
('25b6caa0436b3f398a27f6100e69399063444a74', '2023-01-04 13:31:05', 'bearer', 'd6e57ccf-9261-4ec7-a8da-bd9494871e4e', '76fab939-dc95-4fd6-bcca-e469ad42edd8', NULL, NULL, 1),
('2620a290f9ab999effa0a8bb62f2b92115d8ce1f', '2023-01-20 17:44:21', 'bearer', 'd6e57ccf-9261-4ec7-a8da-bd9494871e4e', '76fab939-dc95-4fd6-bcca-e469ad42edd8', NULL, NULL, 1),
('262c73d04d5f615dcbde3396a29379ec14f52940', '2023-01-10 09:46:28', 'bearer', 'd6e57ccf-9261-4ec7-a8da-bd9494871e4e', '76fab939-dc95-4fd6-bcca-e469ad42edd8', NULL, NULL, 1),
('26b6f5d6876b00ecba7cfaf03b5c94e8cef64e4f', '2023-01-08 17:44:32', 'bearer', 'd6e57ccf-9261-4ec7-a8da-bd9494871e4e', '76fab939-dc95-4fd6-bcca-e469ad42edd8', NULL, NULL, 1),
('272087595e5ce4bb8598bdf95dccee51a183f37b', '2023-01-04 13:35:04', 'bearer', 'd6e57ccf-9261-4ec7-a8da-bd9494871e4e', '76fab939-dc95-4fd6-bcca-e469ad42edd8', NULL, NULL, 1),
('2829213baa71482e7d14ace717ee0d6db80489a5', '2023-01-04 13:36:53', 'bearer', 'd6e57ccf-9261-4ec7-a8da-bd9494871e4e', 'f60db722-c387-4615-bf8d-8c5c3c84098b', NULL, NULL, 1),
('283599e36f9b6759bf4808c0b2a93fdfe024bcda', '2023-01-10 09:48:54', 'bearer', 'd6e57ccf-9261-4ec7-a8da-bd9494871e4e', '76fab939-dc95-4fd6-bcca-e469ad42edd8', NULL, NULL, 1),
('28609655a66f4e1ccb95ab2eb75589391a542bce', '2023-01-09 11:39:57', 'bearer', 'd6e57ccf-9261-4ec7-a8da-bd9494871e4e', '76fab939-dc95-4fd6-bcca-e469ad42edd8', NULL, NULL, 1),
('29b0c70e87db72d5dbdd13a570198498ae7368d2', '2023-01-08 18:17:21', 'bearer', 'd6e57ccf-9261-4ec7-a8da-bd9494871e4e', '76fab939-dc95-4fd6-bcca-e469ad42edd8', NULL, NULL, 1),
('29dec3a3bf543af7f7a34d0033c511c91bdb7091', '2023-01-08 10:36:18', 'bearer', 'd6e57ccf-9261-4ec7-a8da-bd9494871e4e', '76fab939-dc95-4fd6-bcca-e469ad42edd8', NULL, NULL, 1),
('2c5196e5b5e5501333645813453dbe3dc1a5c660', '2023-01-20 16:41:42', 'bearer', 'd6e57ccf-9261-4ec7-a8da-bd9494871e4e', '76fab939-dc95-4fd6-bcca-e469ad42edd8', NULL, NULL, 1),
('2cc92e6fc4497968dbbf83ae0df39caf00dcb5d1', '2023-01-08 16:55:09', 'bearer', 'd6e57ccf-9261-4ec7-a8da-bd9494871e4e', '76fab939-dc95-4fd6-bcca-e469ad42edd8', NULL, NULL, 1),
('2d3b1ed7ba4db2e7b09cbee0477b4e52e5c8b7b2', '2023-01-21 19:17:51', 'bearer', 'd6e57ccf-9261-4ec7-a8da-bd9494871e4e', '76fab939-dc95-4fd6-bcca-e469ad42edd8', NULL, NULL, 1),
('2e97b0d6eed081a5c0c7a3ba67d48258f78606dc', '2023-01-08 10:42:03', 'bearer', 'd6e57ccf-9261-4ec7-a8da-bd9494871e4e', '76fab939-dc95-4fd6-bcca-e469ad42edd8', NULL, NULL, 1),
('2f2f38f0a7533fc2b0c4a1521facc98ed32c2008', '2023-01-04 13:34:27', 'bearer', 'd6e57ccf-9261-4ec7-a8da-bd9494871e4e', '76fab939-dc95-4fd6-bcca-e469ad42edd8', NULL, NULL, 1),
('3034467cd628a0c4c60566256daec986dbdfc78a', '2023-01-14 10:13:12', 'bearer', 'd6e57ccf-9261-4ec7-a8da-bd9494871e4e', 'f60db722-c387-4615-bf8d-8c5c3c84098b', NULL, NULL, 1),
('3052c348f134d84c8b9029b815fdcb1d398c373e', '2023-01-10 10:55:36', 'bearer', 'd6e57ccf-9261-4ec7-a8da-bd9494871e4e', '76fab939-dc95-4fd6-bcca-e469ad42edd8', NULL, NULL, 1),
('30d74517d68aebb338fbce466722c413cc80e03c', '2023-01-20 12:20:20', 'bearer', 'd6e57ccf-9261-4ec7-a8da-bd9494871e4e', 'f60db722-c387-4615-bf8d-8c5c3c84098b', NULL, NULL, 1),
('3128f92e0af9b656009acb0f5733737978960d50', '2023-01-21 18:17:59', 'bearer', 'd6e57ccf-9261-4ec7-a8da-bd9494871e4e', '76fab939-dc95-4fd6-bcca-e469ad42edd8', NULL, NULL, 1),
('31cf01d8f6ff626fedf04f469f01b11e6a9b6488', '2023-01-04 13:30:59', 'bearer', 'd6e57ccf-9261-4ec7-a8da-bd9494871e4e', '76fab939-dc95-4fd6-bcca-e469ad42edd8', NULL, NULL, 1),
('3265779a4484c6ec1b90d414f9ec8831645ee55e', '2023-01-12 14:38:03', 'bearer', 'd6e57ccf-9261-4ec7-a8da-bd9494871e4e', '76fab939-dc95-4fd6-bcca-e469ad42edd8', NULL, NULL, 1),
('34a73486fb1cead1468a4663040821c4fff55541', '2023-01-21 19:29:52', 'bearer', 'd6e57ccf-9261-4ec7-a8da-bd9494871e4e', 'f60db722-c387-4615-bf8d-8c5c3c84098b', NULL, NULL, 1),
('35c11cec2f1751948ed65716b254e66e2c0b361e', '2023-01-04 13:32:42', 'bearer', 'd6e57ccf-9261-4ec7-a8da-bd9494871e4e', '76fab939-dc95-4fd6-bcca-e469ad42edd8', NULL, NULL, 1),
('3677744534a21675c163ece5f1c08069c58bb541', '2023-01-08 10:11:09', 'bearer', 'd6e57ccf-9261-4ec7-a8da-bd9494871e4e', '76fab939-dc95-4fd6-bcca-e469ad42edd8', NULL, NULL, 1),
('36e9330b6afddbaf75d7982f80fe72c4211f6c8a', '2023-01-04 13:36:11', 'bearer', 'd6e57ccf-9261-4ec7-a8da-bd9494871e4e', '76fab939-dc95-4fd6-bcca-e469ad42edd8', NULL, NULL, 1),
('39624caab85951e822b8db47661bd44d151afbbf', '2023-01-21 19:36:04', 'bearer', 'd6e57ccf-9261-4ec7-a8da-bd9494871e4e', 'f60db722-c387-4615-bf8d-8c5c3c84098b', NULL, NULL, 1),
('3a384b46e578313b6542259f7fe62bfeeaa3ebc3', '2023-01-09 09:35:55', 'bearer', 'd6e57ccf-9261-4ec7-a8da-bd9494871e4e', '76fab939-dc95-4fd6-bcca-e469ad42edd8', NULL, NULL, 1),
('3c098632e3e72dd8e3345f8741489a64936a26f6', '2023-01-20 20:03:08', 'bearer', 'd6e57ccf-9261-4ec7-a8da-bd9494871e4e', '76fab939-dc95-4fd6-bcca-e469ad42edd8', NULL, NULL, 1),
('3d1f85529cb78e4b72746cedfd60753f4e181677', '2023-01-20 12:47:44', 'bearer', 'd6e57ccf-9261-4ec7-a8da-bd9494871e4e', '76fab939-dc95-4fd6-bcca-e469ad42edd8', NULL, NULL, 1),
('3de6cbfaab43bf17954576842114e7f62801c1fa', '2023-01-09 09:30:07', 'bearer', 'd6e57ccf-9261-4ec7-a8da-bd9494871e4e', '76fab939-dc95-4fd6-bcca-e469ad42edd8', NULL, NULL, 1),
('3f70ff41f514b640ea0300650870fb7beb21ae4e', '2023-01-04 13:45:44', 'bearer', 'd6e57ccf-9261-4ec7-a8da-bd9494871e4e', '76fab939-dc95-4fd6-bcca-e469ad42edd8', NULL, NULL, 1),
('4058755375f5acd33b583c1650a3fdecd3d17afa', '2023-01-10 09:52:38', 'bearer', 'd6e57ccf-9261-4ec7-a8da-bd9494871e4e', '76fab939-dc95-4fd6-bcca-e469ad42edd8', NULL, NULL, 1),
('4312ca832e35cc8483751dadb73da7cc41025ea5', '2023-01-08 16:59:46', 'bearer', 'd6e57ccf-9261-4ec7-a8da-bd9494871e4e', '76fab939-dc95-4fd6-bcca-e469ad42edd8', NULL, NULL, 1),
('4394344ed73babd104ca25b96a1eb9a453d1f91a', '2023-01-08 17:16:45', 'bearer', 'd6e57ccf-9261-4ec7-a8da-bd9494871e4e', '76fab939-dc95-4fd6-bcca-e469ad42edd8', NULL, NULL, 1),
('445fb5aba763a3fcd0f254df582cce5acd73a762', '2023-01-21 17:52:41', 'bearer', 'd6e57ccf-9261-4ec7-a8da-bd9494871e4e', '76fab939-dc95-4fd6-bcca-e469ad42edd8', NULL, NULL, 1),
('4532d2c51c583d8f104576fce8e282f4b57f9805', '2023-01-09 10:18:36', 'bearer', 'd6e57ccf-9261-4ec7-a8da-bd9494871e4e', '76fab939-dc95-4fd6-bcca-e469ad42edd8', NULL, NULL, 1),
('4a9a944fd23caadf3d60ca69be3bf4c1970a5639', '2023-01-08 16:52:21', 'bearer', 'd6e57ccf-9261-4ec7-a8da-bd9494871e4e', '76fab939-dc95-4fd6-bcca-e469ad42edd8', NULL, NULL, 1),
('4b8f09e7a1e5d7d09be3b6e55c22b8d6144eb3f4', '2023-01-21 17:35:39', 'bearer', 'd6e57ccf-9261-4ec7-a8da-bd9494871e4e', '76fab939-dc95-4fd6-bcca-e469ad42edd8', NULL, NULL, 1),
('4dbaa2821577442dba6a1d9d0976cac5a59ccfde', '2023-01-09 09:40:17', 'bearer', 'd6e57ccf-9261-4ec7-a8da-bd9494871e4e', '76fab939-dc95-4fd6-bcca-e469ad42edd8', NULL, NULL, 1),
('4e31765c59753f0585eda9b33ba9d764ac5b6686', '2023-01-08 10:31:55', 'bearer', 'd6e57ccf-9261-4ec7-a8da-bd9494871e4e', '76fab939-dc95-4fd6-bcca-e469ad42edd8', NULL, NULL, 1),
('4e5094bb582092907fd52aa1c3c357db170cd4cc', '2023-01-20 17:39:03', 'bearer', 'd6e57ccf-9261-4ec7-a8da-bd9494871e4e', '76fab939-dc95-4fd6-bcca-e469ad42edd8', NULL, NULL, 1),
('4f3222b4df2119d5daeb10bf6d0197f0a054dd30', '2023-01-12 15:26:34', 'bearer', 'd6e57ccf-9261-4ec7-a8da-bd9494871e4e', '76fab939-dc95-4fd6-bcca-e469ad42edd8', NULL, NULL, 1),
('5030f2bc07de5efb3bfd02c2dff7cf6ccaf67017', '2023-01-09 11:10:59', 'bearer', 'd6e57ccf-9261-4ec7-a8da-bd9494871e4e', '76fab939-dc95-4fd6-bcca-e469ad42edd8', NULL, NULL, 1),
('507a016cfa8e0fa355b176a9704a472e2824314b', '2023-01-10 14:45:05', 'bearer', 'd6e57ccf-9261-4ec7-a8da-bd9494871e4e', '76fab939-dc95-4fd6-bcca-e469ad42edd8', NULL, NULL, 1),
('522d209d10650799eda0340597aea3f1c5e60e0f', '2023-01-21 18:26:45', 'bearer', 'd6e57ccf-9261-4ec7-a8da-bd9494871e4e', 'f60db722-c387-4615-bf8d-8c5c3c84098b', NULL, NULL, 1),
('527289e664e6db962e20806afb67aee3ceac77e6', '2023-01-20 19:39:52', 'bearer', 'd6e57ccf-9261-4ec7-a8da-bd9494871e4e', '76fab939-dc95-4fd6-bcca-e469ad42edd8', NULL, NULL, 1),
('52d356dfdcced9404977222e688c97aaf9fe27b9', '2023-01-15 11:46:36', 'bearer', 'd6e57ccf-9261-4ec7-a8da-bd9494871e4e', '76fab939-dc95-4fd6-bcca-e469ad42edd8', NULL, NULL, 1),
('530ac2d54d0ffd00f8d72d0cb3563869f953055e', '2023-01-10 11:37:29', 'bearer', 'd6e57ccf-9261-4ec7-a8da-bd9494871e4e', '76fab939-dc95-4fd6-bcca-e469ad42edd8', NULL, NULL, 1),
('57f6704625ed54f789cf67ed6d6d86ad4d8debf3', '2023-01-04 13:34:26', 'bearer', 'd6e57ccf-9261-4ec7-a8da-bd9494871e4e', '76fab939-dc95-4fd6-bcca-e469ad42edd8', NULL, NULL, 1),
('580652919da2338d52603f6f8dfb1513e21b1771', '2023-01-08 09:53:39', 'bearer', 'd6e57ccf-9261-4ec7-a8da-bd9494871e4e', '76fab939-dc95-4fd6-bcca-e469ad42edd8', NULL, NULL, 1),
('5833e9d6e5816ea47cbf8653d0867bcf8403262d', '2023-01-08 11:13:26', 'bearer', 'd6e57ccf-9261-4ec7-a8da-bd9494871e4e', '76fab939-dc95-4fd6-bcca-e469ad42edd8', NULL, NULL, 1),
('596706e4ada3e3ec173e49dcedf89585124a2a68', '2023-01-10 11:48:51', 'bearer', 'd6e57ccf-9261-4ec7-a8da-bd9494871e4e', '76fab939-dc95-4fd6-bcca-e469ad42edd8', NULL, NULL, 1),
('5b2f353f90a6004bf2f91ddb5ab27b5a6d7e9082', '2023-01-10 09:16:56', 'bearer', 'd6e57ccf-9261-4ec7-a8da-bd9494871e4e', '76fab939-dc95-4fd6-bcca-e469ad42edd8', NULL, NULL, 1),
('5bb17cdfd7dd4b1ecc0196754ebc78276ba2264c', '2023-01-09 09:45:14', 'bearer', 'd6e57ccf-9261-4ec7-a8da-bd9494871e4e', '76fab939-dc95-4fd6-bcca-e469ad42edd8', NULL, NULL, 1),
('6131b70f7008250729dc7902fb715cdbda019135', '2023-01-21 19:31:24', 'bearer', 'd6e57ccf-9261-4ec7-a8da-bd9494871e4e', '76fab939-dc95-4fd6-bcca-e469ad42edd8', NULL, NULL, 1),
('617679b4b937a69502d373af01f4f7edf03d1e5a', '2023-01-04 13:31:04', 'bearer', 'd6e57ccf-9261-4ec7-a8da-bd9494871e4e', '76fab939-dc95-4fd6-bcca-e469ad42edd8', NULL, NULL, 1),
('62318196531f6dce1156a52eb739f04351696f8a', '2023-01-08 17:12:18', 'bearer', 'd6e57ccf-9261-4ec7-a8da-bd9494871e4e', '76fab939-dc95-4fd6-bcca-e469ad42edd8', NULL, NULL, 1),
('64bffc6b311ec0a630b9514b2e5811af5e2972cb', '2023-01-04 13:27:21', 'bearer', 'd6e57ccf-9261-4ec7-a8da-bd9494871e4e', '76fab939-dc95-4fd6-bcca-e469ad42edd8', NULL, NULL, 1),
('6621feca8978068c7a437e3d49da6520b66a9720', '2023-01-08 16:22:15', 'bearer', 'd6e57ccf-9261-4ec7-a8da-bd9494871e4e', '76fab939-dc95-4fd6-bcca-e469ad42edd8', NULL, NULL, 1),
('6652fcabc4d96ab3bf9b1acb32289db093c0c965', '2023-01-04 13:30:55', 'bearer', 'd6e57ccf-9261-4ec7-a8da-bd9494871e4e', '76fab939-dc95-4fd6-bcca-e469ad42edd8', NULL, NULL, 1),
('6752cce6bd2cd0228d70d00d3a2721dbb7a8f031', '2023-01-21 19:22:45', 'bearer', 'd6e57ccf-9261-4ec7-a8da-bd9494871e4e', 'f60db722-c387-4615-bf8d-8c5c3c84098b', NULL, NULL, 1),
('67bba1f706a001cfae35e58047b618a45a575a5b', '2023-01-04 13:30:09', 'bearer', 'd6e57ccf-9261-4ec7-a8da-bd9494871e4e', '76fab939-dc95-4fd6-bcca-e469ad42edd8', NULL, NULL, 1),
('67c5c78dbb62a75a9c6ed4b11e065459ddca6aeb', '2023-01-05 15:34:28', 'bearer', 'd6e57ccf-9261-4ec7-a8da-bd9494871e4e', 'f60db722-c387-4615-bf8d-8c5c3c84098b', NULL, NULL, 1),
('6821e25aa60151432be23250bf58a66878f548c9', '2023-01-15 15:01:31', 'bearer', 'd6e57ccf-9261-4ec7-a8da-bd9494871e4e', 'f60db722-c387-4615-bf8d-8c5c3c84098b', NULL, NULL, 1),
('6918fe47fe5fb1f579be9c08e68bd6adc9d7d59f', '2023-01-08 11:16:01', 'bearer', 'd6e57ccf-9261-4ec7-a8da-bd9494871e4e', '76fab939-dc95-4fd6-bcca-e469ad42edd8', NULL, NULL, 1),
('69b7df7a103030045884dbfc7a55b48ee8a3b428', '2023-01-08 17:10:43', 'bearer', 'd6e57ccf-9261-4ec7-a8da-bd9494871e4e', '76fab939-dc95-4fd6-bcca-e469ad42edd8', NULL, NULL, 1),
('6a4aca4bcc69f27583a63bcceb008dd141c89082', '2023-01-04 13:47:24', 'bearer', 'd6e57ccf-9261-4ec7-a8da-bd9494871e4e', '76fab939-dc95-4fd6-bcca-e469ad42edd8', NULL, NULL, 1),
('6c650a85b25e6d4a509b93787691446ae5cc4694', '2023-01-09 12:15:42', 'bearer', 'd6e57ccf-9261-4ec7-a8da-bd9494871e4e', '76fab939-dc95-4fd6-bcca-e469ad42edd8', NULL, NULL, 1),
('6c971ffdb52c9a5be00ff47428bfd88c3f505735', '2023-01-20 12:20:04', 'bearer', 'd6e57ccf-9261-4ec7-a8da-bd9494871e4e', '76fab939-dc95-4fd6-bcca-e469ad42edd8', NULL, NULL, 1),
('6cd78adeb9924730f3fd2b077ce1a72a9781c437', '2023-01-04 13:46:05', 'bearer', 'd6e57ccf-9261-4ec7-a8da-bd9494871e4e', '76fab939-dc95-4fd6-bcca-e469ad42edd8', NULL, NULL, 1),
('6e5cbe63e515fe6663fb43a41a5b37b05feb7bb2', '2023-01-12 14:41:33', 'bearer', 'd6e57ccf-9261-4ec7-a8da-bd9494871e4e', '76fab939-dc95-4fd6-bcca-e469ad42edd8', NULL, NULL, 1),
('70d16120da52a3b1fcbc1d9989cd80336fa6c2a9', '2023-01-21 19:36:17', 'bearer', 'd6e57ccf-9261-4ec7-a8da-bd9494871e4e', '76fab939-dc95-4fd6-bcca-e469ad42edd8', NULL, NULL, 1),
('70e91fd0b3e55007cd24662a5f93d25aa1f64d94', '2023-01-08 09:49:52', 'bearer', 'd6e57ccf-9261-4ec7-a8da-bd9494871e4e', '76fab939-dc95-4fd6-bcca-e469ad42edd8', NULL, NULL, 1),
('7173f2d8f2ed4b94d604b1cd338029bec68f66a3', '2023-01-08 18:21:56', 'bearer', 'd6e57ccf-9261-4ec7-a8da-bd9494871e4e', '76fab939-dc95-4fd6-bcca-e469ad42edd8', NULL, NULL, 1),
('721c1b711df8a4bb0e1016d1e523cd3fa57d2867', '2023-01-08 11:02:10', 'bearer', 'd6e57ccf-9261-4ec7-a8da-bd9494871e4e', '76fab939-dc95-4fd6-bcca-e469ad42edd8', NULL, NULL, 1),
('7228bbe2f25616ecdc69351a588a6fa52f494516', '2023-01-12 14:03:50', 'bearer', 'd6e57ccf-9261-4ec7-a8da-bd9494871e4e', '76fab939-dc95-4fd6-bcca-e469ad42edd8', NULL, NULL, 1),
('72f37d08ab19dda15b191c499898a19a75c1154f', '2023-01-21 17:19:14', 'bearer', 'd6e57ccf-9261-4ec7-a8da-bd9494871e4e', '76fab939-dc95-4fd6-bcca-e469ad42edd8', NULL, NULL, 1),
('75478e50d5b46bac6f2e9e1710f79e0823ddbb14', '2023-01-08 10:40:10', 'bearer', 'd6e57ccf-9261-4ec7-a8da-bd9494871e4e', '76fab939-dc95-4fd6-bcca-e469ad42edd8', NULL, NULL, 1),
('758606881ba5f477d485e463caa7a797bede0deb', '2023-01-04 13:48:29', 'bearer', 'd6e57ccf-9261-4ec7-a8da-bd9494871e4e', '76fab939-dc95-4fd6-bcca-e469ad42edd8', NULL, NULL, 1),
('75c53444c772d18753d01439cc118e4d6c293d6b', '2023-01-08 15:27:18', 'bearer', 'd6e57ccf-9261-4ec7-a8da-bd9494871e4e', '76fab939-dc95-4fd6-bcca-e469ad42edd8', NULL, NULL, 1),
('781e1ac39cdca06156c0fc28d41a3ff8a6a7b3c3', '2023-01-20 12:47:55', 'bearer', 'd6e57ccf-9261-4ec7-a8da-bd9494871e4e', 'f60db722-c387-4615-bf8d-8c5c3c84098b', NULL, NULL, 1),
('79fd9c97245e2b8f0f12c0ced266f14d240aa119', '2023-01-07 18:13:10', 'bearer', 'd6e57ccf-9261-4ec7-a8da-bd9494871e4e', '76fab939-dc95-4fd6-bcca-e469ad42edd8', NULL, NULL, 1),
('7bb7003af736e951dd3d26b7ccf03590b19729fa', '2023-01-05 20:12:03', 'bearer', 'd6e57ccf-9261-4ec7-a8da-bd9494871e4e', '76fab939-dc95-4fd6-bcca-e469ad42edd8', NULL, NULL, 1),
('7fa00683208db4d9177b7313f207e63b3500c343', '2023-01-04 13:20:15', 'bearer', 'd6e57ccf-9261-4ec7-a8da-bd9494871e4e', '76fab939-dc95-4fd6-bcca-e469ad42edd8', NULL, NULL, 1),
('80f13140af07f4fd931ed043f839adda757568b6', '2023-01-12 09:28:42', 'bearer', 'd6e57ccf-9261-4ec7-a8da-bd9494871e4e', '76fab939-dc95-4fd6-bcca-e469ad42edd8', NULL, NULL, 1),
('82c4174aa0538f686bba80efec6ffa323c1bb6ba', '2023-01-14 12:23:49', 'bearer', 'd6e57ccf-9261-4ec7-a8da-bd9494871e4e', '76fab939-dc95-4fd6-bcca-e469ad42edd8', NULL, NULL, 1),
('830d6900b116cbc9a5d136f2cc207c657c29666a', '2023-01-20 17:27:46', 'bearer', 'd6e57ccf-9261-4ec7-a8da-bd9494871e4e', '76fab939-dc95-4fd6-bcca-e469ad42edd8', NULL, NULL, 1),
('842086198fb5f1197ab6d4f4dfbf4edfeb9d79a2', '2023-01-20 11:59:08', 'bearer', 'd6e57ccf-9261-4ec7-a8da-bd9494871e4e', '76fab939-dc95-4fd6-bcca-e469ad42edd8', NULL, NULL, 1),
('85a83144832e49ddfec40550d28d15cf813771a0', '2023-01-08 17:04:10', 'bearer', 'd6e57ccf-9261-4ec7-a8da-bd9494871e4e', '76fab939-dc95-4fd6-bcca-e469ad42edd8', NULL, NULL, 1),
('8805f365b543c4ac1acf9b567de5fe5d5afb8b2f', '2023-01-15 15:00:51', 'bearer', 'd6e57ccf-9261-4ec7-a8da-bd9494871e4e', '76fab939-dc95-4fd6-bcca-e469ad42edd8', NULL, NULL, 1),
('896ce4dbf0e13748cec808e12a944d6220ce02e2', '2023-01-05 19:45:49', 'bearer', 'd6e57ccf-9261-4ec7-a8da-bd9494871e4e', 'f60db722-c387-4615-bf8d-8c5c3c84098b', NULL, NULL, 1),
('8a06a6974ede97b9a028b34d07e893916022d247', '2023-01-09 10:20:36', 'bearer', 'd6e57ccf-9261-4ec7-a8da-bd9494871e4e', '76fab939-dc95-4fd6-bcca-e469ad42edd8', NULL, NULL, 1),
('8b620c8f180f9476d84aff06b5795e03fe7041af', '2023-01-08 17:01:45', 'bearer', 'd6e57ccf-9261-4ec7-a8da-bd9494871e4e', '76fab939-dc95-4fd6-bcca-e469ad42edd8', NULL, NULL, 1),
('8b65b32cebad1caa033c14c0fc59f146b1795f40', '2023-01-09 10:21:42', 'bearer', 'd6e57ccf-9261-4ec7-a8da-bd9494871e4e', '76fab939-dc95-4fd6-bcca-e469ad42edd8', NULL, NULL, 1),
('8d174171470275c4933254c15b39d3e245d32159', '2023-01-08 18:05:48', 'bearer', 'd6e57ccf-9261-4ec7-a8da-bd9494871e4e', '76fab939-dc95-4fd6-bcca-e469ad42edd8', NULL, NULL, 1),
('92478a51421c44261d0920ccd924be16509b0205', '2023-01-12 11:35:12', 'bearer', 'd6e57ccf-9261-4ec7-a8da-bd9494871e4e', '76fab939-dc95-4fd6-bcca-e469ad42edd8', NULL, NULL, 1),
('92fc044b478622c5f34edfb00a1eb38ddf6b42d4', '2023-01-19 17:06:13', 'bearer', 'd6e57ccf-9261-4ec7-a8da-bd9494871e4e', '76fab939-dc95-4fd6-bcca-e469ad42edd8', NULL, NULL, 1),
('9370f949e3055ebfec8d7776fb8df8e437ac6e62', '2023-01-12 12:21:29', 'bearer', 'd6e57ccf-9261-4ec7-a8da-bd9494871e4e', '76fab939-dc95-4fd6-bcca-e469ad42edd8', NULL, NULL, 1),
('93ef7482287661682a6b6fda78cdd996ddc2e5f5', '2023-01-07 17:46:34', 'bearer', 'd6e57ccf-9261-4ec7-a8da-bd9494871e4e', '76fab939-dc95-4fd6-bcca-e469ad42edd8', NULL, NULL, 1),
('93f0036f8b53823e6b02a28af2ae7a0f1236048f', '2023-01-08 17:14:59', 'bearer', 'd6e57ccf-9261-4ec7-a8da-bd9494871e4e', '76fab939-dc95-4fd6-bcca-e469ad42edd8', NULL, NULL, 1),
('94b1f59a84cecc64ddec818f85fe783ecea38744', '2023-01-04 13:34:29', 'bearer', 'd6e57ccf-9261-4ec7-a8da-bd9494871e4e', '76fab939-dc95-4fd6-bcca-e469ad42edd8', NULL, NULL, 1),
('9788b31db44bd1eb01e16e2525abb1298e23d6a1', '2023-01-20 17:42:37', 'bearer', 'd6e57ccf-9261-4ec7-a8da-bd9494871e4e', '76fab939-dc95-4fd6-bcca-e469ad42edd8', NULL, NULL, 1),
('981931d5c7dc2aadee0303088041b4f35389aa61', '2023-01-20 19:16:04', 'bearer', 'd6e57ccf-9261-4ec7-a8da-bd9494871e4e', '76fab939-dc95-4fd6-bcca-e469ad42edd8', NULL, NULL, 1),
('992b4dea0235c2cce18ef768025ae5c782aa2536', '2023-01-21 19:23:28', 'bearer', 'd6e57ccf-9261-4ec7-a8da-bd9494871e4e', 'f60db722-c387-4615-bf8d-8c5c3c84098b', NULL, NULL, 1),
('999d582589d76750c4af44aa0b61d91f9240968b', '2023-01-21 19:23:43', 'bearer', 'd6e57ccf-9261-4ec7-a8da-bd9494871e4e', '76fab939-dc95-4fd6-bcca-e469ad42edd8', NULL, NULL, 1),
('9aaa8111819dce86b7280beb370ecac70474e4cd', '2023-01-04 13:33:38', 'bearer', 'd6e57ccf-9261-4ec7-a8da-bd9494871e4e', '76fab939-dc95-4fd6-bcca-e469ad42edd8', NULL, NULL, 1),
('9aabba7e536e12a4a064bacfdfbd7bbb50d3802c', '2023-01-09 11:09:25', 'bearer', 'd6e57ccf-9261-4ec7-a8da-bd9494871e4e', '76fab939-dc95-4fd6-bcca-e469ad42edd8', NULL, NULL, 1),
('9e0c45c56824972386a58bae9ca68a01b7219f95', '2023-01-04 13:47:30', 'bearer', 'd6e57ccf-9261-4ec7-a8da-bd9494871e4e', 'f60db722-c387-4615-bf8d-8c5c3c84098b', NULL, NULL, 1),
('9f775f57e9944325d808b81a7852aea0472d1b8c', '2023-01-08 17:40:00', 'bearer', 'd6e57ccf-9261-4ec7-a8da-bd9494871e4e', '76fab939-dc95-4fd6-bcca-e469ad42edd8', NULL, NULL, 1),
('a10820a6508e9edf4c020aa3111f1ca7bb3f37ba', '2023-01-04 13:34:29', 'bearer', 'd6e57ccf-9261-4ec7-a8da-bd9494871e4e', '76fab939-dc95-4fd6-bcca-e469ad42edd8', NULL, NULL, 1),
('a20c5959a9c14b17a957c408e053f20b07648ccb', '2023-01-04 13:24:53', 'bearer', 'd6e57ccf-9261-4ec7-a8da-bd9494871e4e', '76fab939-dc95-4fd6-bcca-e469ad42edd8', NULL, NULL, 1),
('a3e3c2efe234521c8f4316890541f22f5c089607', '2023-01-09 10:42:15', 'bearer', 'd6e57ccf-9261-4ec7-a8da-bd9494871e4e', '76fab939-dc95-4fd6-bcca-e469ad42edd8', NULL, NULL, 1),
('a49cc6ebf8b8bba2bff505097c3eac0e02e54f74', '2023-01-08 17:48:15', 'bearer', 'd6e57ccf-9261-4ec7-a8da-bd9494871e4e', '76fab939-dc95-4fd6-bcca-e469ad42edd8', NULL, NULL, 1),
('a67ab0966c2d0229a8aded54b255effda1c38185', '2023-01-20 16:31:24', 'bearer', 'd6e57ccf-9261-4ec7-a8da-bd9494871e4e', '76fab939-dc95-4fd6-bcca-e469ad42edd8', NULL, NULL, 1),
('a7e2fa300820a631b20381ecf4a8f07480a6f190', '2023-01-20 17:17:04', 'bearer', 'd6e57ccf-9261-4ec7-a8da-bd9494871e4e', '76fab939-dc95-4fd6-bcca-e469ad42edd8', NULL, NULL, 1),
('a961a2dd9954219e0205cf7b55a6815bdb2e6765', '2023-01-04 13:43:14', 'bearer', 'd6e57ccf-9261-4ec7-a8da-bd9494871e4e', 'f60db722-c387-4615-bf8d-8c5c3c84098b', NULL, NULL, 1),
('a9811eca18d0e78aba2b4a9db55a6ac0ebfc50ec', '2023-01-20 17:04:29', 'bearer', 'd6e57ccf-9261-4ec7-a8da-bd9494871e4e', '76fab939-dc95-4fd6-bcca-e469ad42edd8', NULL, NULL, 1),
('ab747a9460499b868a709a1444c7461406083d03', '2023-01-04 13:36:09', 'bearer', 'd6e57ccf-9261-4ec7-a8da-bd9494871e4e', '76fab939-dc95-4fd6-bcca-e469ad42edd8', NULL, NULL, 1),
('ab8f3f5c95cf91efdbb72dd4bf1f118a35377e33', '2023-01-09 09:53:23', 'bearer', 'd6e57ccf-9261-4ec7-a8da-bd9494871e4e', '76fab939-dc95-4fd6-bcca-e469ad42edd8', NULL, NULL, 1),
('af90155ab10b2fc25b662f0206d12ce780163d9d', '2023-01-08 11:18:55', 'bearer', 'd6e57ccf-9261-4ec7-a8da-bd9494871e4e', '76fab939-dc95-4fd6-bcca-e469ad42edd8', NULL, NULL, 1),
('afed1be6a640832d55b414d1b45ff2b90cd523a0', '2023-01-08 17:24:56', 'bearer', 'd6e57ccf-9261-4ec7-a8da-bd9494871e4e', '76fab939-dc95-4fd6-bcca-e469ad42edd8', NULL, NULL, 1),
('b144834f74e7bed13986b91efbad49ce3b6dbf16', '2023-01-08 09:47:49', 'bearer', 'd6e57ccf-9261-4ec7-a8da-bd9494871e4e', '76fab939-dc95-4fd6-bcca-e469ad42edd8', NULL, NULL, 1),
('b16e4fda30b4ee1af061cd2e4c2c0207998bc7e1', '2023-01-21 18:28:20', 'bearer', 'd6e57ccf-9261-4ec7-a8da-bd9494871e4e', '76fab939-dc95-4fd6-bcca-e469ad42edd8', NULL, NULL, 1),
('b21485afbc70af8896826c8e450e52d9430f837f', '2023-01-08 16:04:19', 'bearer', 'd6e57ccf-9261-4ec7-a8da-bd9494871e4e', '76fab939-dc95-4fd6-bcca-e469ad42edd8', NULL, NULL, 1),
('b5584ced3a0a566a1face1f039859471cee49f0a', '2023-01-04 13:34:28', 'bearer', 'd6e57ccf-9261-4ec7-a8da-bd9494871e4e', '76fab939-dc95-4fd6-bcca-e469ad42edd8', NULL, NULL, 1),
('b6ad29f981f49943fe7dc273accebc05712bd5d3', '2023-01-09 10:20:14', 'bearer', 'd6e57ccf-9261-4ec7-a8da-bd9494871e4e', '76fab939-dc95-4fd6-bcca-e469ad42edd8', NULL, NULL, 1),
('b9f18889891171dcaa714d155abd040ebf416629', '2023-01-10 12:44:04', 'bearer', 'd6e57ccf-9261-4ec7-a8da-bd9494871e4e', '76fab939-dc95-4fd6-bcca-e469ad42edd8', NULL, NULL, 1),
('bb5a526280b82c10b21853397babab80cec433a3', '2023-01-08 10:21:45', 'bearer', 'd6e57ccf-9261-4ec7-a8da-bd9494871e4e', '76fab939-dc95-4fd6-bcca-e469ad42edd8', NULL, NULL, 1),
('bf0f60f0c67f61968c1fb6da587a455347ad3d37', '2023-01-08 16:49:15', 'bearer', 'd6e57ccf-9261-4ec7-a8da-bd9494871e4e', '76fab939-dc95-4fd6-bcca-e469ad42edd8', NULL, NULL, 1),
('bff390e781774d528b20938779597a759ee7d5de', '2023-01-15 16:02:24', 'bearer', 'd6e57ccf-9261-4ec7-a8da-bd9494871e4e', '76fab939-dc95-4fd6-bcca-e469ad42edd8', NULL, NULL, 1),
('c17b33de17d6ad40315dfe03a69cd943ed56f0ff', '2023-01-21 17:35:18', 'bearer', 'd6e57ccf-9261-4ec7-a8da-bd9494871e4e', 'f60db722-c387-4615-bf8d-8c5c3c84098b', NULL, NULL, 1),
('c61bdc24ac1d988f8be3673a7095de224e1a1824', '2023-01-08 17:36:21', 'bearer', 'd6e57ccf-9261-4ec7-a8da-bd9494871e4e', '76fab939-dc95-4fd6-bcca-e469ad42edd8', NULL, NULL, 1),
('c66e1e3abbc4b58ce1d961739c64f5fb9697e369', '2023-01-20 17:36:55', 'bearer', 'd6e57ccf-9261-4ec7-a8da-bd9494871e4e', '76fab939-dc95-4fd6-bcca-e469ad42edd8', NULL, NULL, 1),
('c6984748ccabfeab24f1b7573beeeb47cf12f604', '2023-01-20 16:39:08', 'bearer', 'd6e57ccf-9261-4ec7-a8da-bd9494871e4e', '76fab939-dc95-4fd6-bcca-e469ad42edd8', NULL, NULL, 1),
('c6a527088a1e38645f8926b3f224162ef6124ca5', '2023-01-21 18:35:58', 'bearer', 'd6e57ccf-9261-4ec7-a8da-bd9494871e4e', '76fab939-dc95-4fd6-bcca-e469ad42edd8', NULL, NULL, 1),
('c6be8b9cca66e875c68c95b9750a83960fae81c0', '2023-01-12 14:45:58', 'bearer', 'd6e57ccf-9261-4ec7-a8da-bd9494871e4e', '76fab939-dc95-4fd6-bcca-e469ad42edd8', NULL, NULL, 1),
('ca692f4ffff1ce35fa162c3a8d09e42574e74cdb', '2023-01-15 12:22:21', 'bearer', 'd6e57ccf-9261-4ec7-a8da-bd9494871e4e', 'f60db722-c387-4615-bf8d-8c5c3c84098b', NULL, NULL, 1),
('ca916adf720f99ea0a7fbcbb3480ac24be250e18', '2023-01-09 09:46:39', 'bearer', 'd6e57ccf-9261-4ec7-a8da-bd9494871e4e', '76fab939-dc95-4fd6-bcca-e469ad42edd8', NULL, NULL, 1),
('cbaace99008dea0b5a925ceecc72b7ceac930920', '2023-01-20 20:06:48', 'bearer', 'd6e57ccf-9261-4ec7-a8da-bd9494871e4e', '76fab939-dc95-4fd6-bcca-e469ad42edd8', NULL, NULL, 1),
('cc6ce283ea4fad63130be63160e01b43d48923ef', '2023-01-20 12:48:10', 'bearer', 'd6e57ccf-9261-4ec7-a8da-bd9494871e4e', '76fab939-dc95-4fd6-bcca-e469ad42edd8', NULL, NULL, 1),
('ce38767039f332b4d284d176c0c8c68e5a9d8f77', '2023-01-10 09:40:16', 'bearer', 'd6e57ccf-9261-4ec7-a8da-bd9494871e4e', '76fab939-dc95-4fd6-bcca-e469ad42edd8', NULL, NULL, 1),
('d05dd477546f5784e28f435712569c628890804d', '2023-01-10 12:02:42', 'bearer', 'd6e57ccf-9261-4ec7-a8da-bd9494871e4e', '76fab939-dc95-4fd6-bcca-e469ad42edd8', NULL, NULL, 1),
('d11df47d8c3a6fd9bcaf3049030ef820808d2600', '2023-01-21 18:23:54', 'bearer', 'd6e57ccf-9261-4ec7-a8da-bd9494871e4e', 'f60db722-c387-4615-bf8d-8c5c3c84098b', NULL, NULL, 1),
('d1545cd3483ffc4c26995855c59997c0290e51e5', '2023-01-09 11:40:29', 'bearer', 'd6e57ccf-9261-4ec7-a8da-bd9494871e4e', 'f60db722-c387-4615-bf8d-8c5c3c84098b', NULL, NULL, 1),
('d21f0679d455ff4bbe36200cc1127a344fcf0362', '2023-01-21 17:30:52', 'bearer', 'd6e57ccf-9261-4ec7-a8da-bd9494871e4e', '76fab939-dc95-4fd6-bcca-e469ad42edd8', NULL, NULL, 1),
('d2a429ac903f647fc0ca0daa150b8a56760157a2', '2023-01-12 14:35:17', 'bearer', 'd6e57ccf-9261-4ec7-a8da-bd9494871e4e', '76fab939-dc95-4fd6-bcca-e469ad42edd8', NULL, NULL, 1),
('d2e57d1720f74a33a3d8fb0afdedc064ac0d0f77', '2023-01-19 17:26:58', 'bearer', 'd6e57ccf-9261-4ec7-a8da-bd9494871e4e', '76fab939-dc95-4fd6-bcca-e469ad42edd8', NULL, NULL, 1),
('d4d3f1dc949f0c20782074079fedab98fdb5d6f1', '2023-01-20 17:14:44', 'bearer', 'd6e57ccf-9261-4ec7-a8da-bd9494871e4e', '76fab939-dc95-4fd6-bcca-e469ad42edd8', NULL, NULL, 1),
('d91d3d201c8beef0dd75a614f0ea12abcdf067b3', '2023-01-14 09:34:08', 'bearer', 'd6e57ccf-9261-4ec7-a8da-bd9494871e4e', '76fab939-dc95-4fd6-bcca-e469ad42edd8', NULL, NULL, 1),
('da07cecbab03a942df1bab6daacebd67ac8d206f', '2023-01-04 13:43:13', 'bearer', 'd6e57ccf-9261-4ec7-a8da-bd9494871e4e', 'f60db722-c387-4615-bf8d-8c5c3c84098b', NULL, NULL, 1),
('da38bae572cc0b5e2dd26eb0d4ae9074493134f9', '2023-01-04 13:30:57', 'bearer', 'd6e57ccf-9261-4ec7-a8da-bd9494871e4e', '76fab939-dc95-4fd6-bcca-e469ad42edd8', NULL, NULL, 1),
('df6f6c47e47c23277c425df8dd100d184266ac7f', '2023-01-04 13:31:02', 'bearer', 'd6e57ccf-9261-4ec7-a8da-bd9494871e4e', '76fab939-dc95-4fd6-bcca-e469ad42edd8', NULL, NULL, 1),
('df977e23ca9dce2e7b6b1d6c779df8f89da863cd', '2023-01-04 13:32:18', 'bearer', 'd6e57ccf-9261-4ec7-a8da-bd9494871e4e', '76fab939-dc95-4fd6-bcca-e469ad42edd8', NULL, NULL, 1),
('dfaeeb92cb7000cdfccb6930ec6559cafb81be5a', '2023-01-04 13:30:59', 'bearer', 'd6e57ccf-9261-4ec7-a8da-bd9494871e4e', '76fab939-dc95-4fd6-bcca-e469ad42edd8', NULL, NULL, 1),
('dfdd7edb937c3e1682a3fa6e58f2143dc83b95a8', '2023-01-04 13:33:52', 'bearer', 'd6e57ccf-9261-4ec7-a8da-bd9494871e4e', '76fab939-dc95-4fd6-bcca-e469ad42edd8', NULL, NULL, 1),
('e032ec11774a0440ea199ef519e9c67250874b30', '2023-01-20 19:09:45', 'bearer', 'd6e57ccf-9261-4ec7-a8da-bd9494871e4e', '76fab939-dc95-4fd6-bcca-e469ad42edd8', NULL, NULL, 1),
('e19a1d38122a7fc20a8551798737eb7866812bc9', '2023-01-20 16:13:58', 'bearer', 'd6e57ccf-9261-4ec7-a8da-bd9494871e4e', '76fab939-dc95-4fd6-bcca-e469ad42edd8', NULL, NULL, 1),
('e279f07cdaccebbf49411a8017ca661864a8bbf2', '2023-01-10 09:42:37', 'bearer', 'd6e57ccf-9261-4ec7-a8da-bd9494871e4e', '76fab939-dc95-4fd6-bcca-e469ad42edd8', NULL, NULL, 1),
('e55336a071af9ff4c5eae1ee0a885ff1abfe9445', '2023-01-21 19:35:17', 'bearer', 'd6e57ccf-9261-4ec7-a8da-bd9494871e4e', '76fab939-dc95-4fd6-bcca-e469ad42edd8', NULL, NULL, 1),
('e9804cfc63c803bc9fa140e9c7870d195434e54a', '2023-01-08 09:19:59', 'bearer', 'd6e57ccf-9261-4ec7-a8da-bd9494871e4e', '76fab939-dc95-4fd6-bcca-e469ad42edd8', NULL, NULL, 1),
('e99220d8cb4c26094c6ca33955bc8d9ef59bded8', '2023-01-04 13:29:45', 'bearer', 'd6e57ccf-9261-4ec7-a8da-bd9494871e4e', '76fab939-dc95-4fd6-bcca-e469ad42edd8', NULL, NULL, 1),
('eb50f89fc20255744f437566513465c55406fc45', '2023-01-08 17:08:57', 'bearer', 'd6e57ccf-9261-4ec7-a8da-bd9494871e4e', '76fab939-dc95-4fd6-bcca-e469ad42edd8', NULL, NULL, 1),
('ec42fcc5e41bb202eadf205e0b51fff918e4ae37', '2023-01-21 19:35:02', 'bearer', 'd6e57ccf-9261-4ec7-a8da-bd9494871e4e', 'f60db722-c387-4615-bf8d-8c5c3c84098b', NULL, NULL, 1),
('ecfa4a110db0f85e10ffe2bf5dd91cfe2043f8e2', '2023-01-21 19:20:46', 'bearer', 'd6e57ccf-9261-4ec7-a8da-bd9494871e4e', '76fab939-dc95-4fd6-bcca-e469ad42edd8', NULL, NULL, 1),
('ed0506bd7dc92e14fb958d68e9c6400f51f9b4df', '2023-01-20 16:36:02', 'bearer', 'd6e57ccf-9261-4ec7-a8da-bd9494871e4e', '76fab939-dc95-4fd6-bcca-e469ad42edd8', NULL, NULL, 1),
('ed4737af7276432949254c554b7b3aee79bb8555', '2023-01-04 13:36:21', 'bearer', 'd6e57ccf-9261-4ec7-a8da-bd9494871e4e', 'f60db722-c387-4615-bf8d-8c5c3c84098b', NULL, NULL, 1),
('eecee06bb521176475338760cc5d3d0f9f7f703d', '2023-01-08 17:06:50', 'bearer', 'd6e57ccf-9261-4ec7-a8da-bd9494871e4e', '76fab939-dc95-4fd6-bcca-e469ad42edd8', NULL, NULL, 1),
('efc6574a6154ffb0096b4da84e51fc836aeeff87', '2023-01-21 19:17:33', 'bearer', 'd6e57ccf-9261-4ec7-a8da-bd9494871e4e', 'f60db722-c387-4615-bf8d-8c5c3c84098b', NULL, NULL, 1),
('f06e107c9c133eb8b2c2f8a4b6c864fffcfcfddd', '2023-01-04 13:34:31', 'bearer', 'd6e57ccf-9261-4ec7-a8da-bd9494871e4e', '76fab939-dc95-4fd6-bcca-e469ad42edd8', NULL, NULL, 1),
('f17bbe9fd9159c74cbf210908c11a4148478ca0b', '2023-01-12 15:03:30', 'bearer', 'd6e57ccf-9261-4ec7-a8da-bd9494871e4e', '01df6d2a-2136-4344-82b7-192b0a9670bf', NULL, NULL, 1),
('f1a5f035bbb70f36784fd9410cacebbd51e341d6', '2023-01-08 16:28:05', 'bearer', 'd6e57ccf-9261-4ec7-a8da-bd9494871e4e', '76fab939-dc95-4fd6-bcca-e469ad42edd8', NULL, NULL, 1),
('f506961491702a191ae75cce3b93c0aac0506ca2', '2023-01-14 11:49:34', 'bearer', 'd6e57ccf-9261-4ec7-a8da-bd9494871e4e', '76fab939-dc95-4fd6-bcca-e469ad42edd8', NULL, NULL, 1),
('f5d23bd2d64d515a79d1d1fdb166c0759eaac4ba', '2023-01-10 09:23:12', 'bearer', 'd6e57ccf-9261-4ec7-a8da-bd9494871e4e', '76fab939-dc95-4fd6-bcca-e469ad42edd8', NULL, NULL, 1),
('f61180986b4b2ec61393d920f782f9d4b73e9aa8', '2023-01-09 11:12:18', 'bearer', 'd6e57ccf-9261-4ec7-a8da-bd9494871e4e', '76fab939-dc95-4fd6-bcca-e469ad42edd8', NULL, NULL, 1),
('f713d36715538c0c7b4b503720dda08436d10a9e', '2023-01-07 09:03:35', 'bearer', 'd6e57ccf-9261-4ec7-a8da-bd9494871e4e', 'f60db722-c387-4615-bf8d-8c5c3c84098b', NULL, NULL, 1),
('f79afac51d01a4aacb110f917b75ef3c422868f0', '2023-01-08 11:21:02', 'bearer', 'd6e57ccf-9261-4ec7-a8da-bd9494871e4e', '76fab939-dc95-4fd6-bcca-e469ad42edd8', NULL, NULL, 1),
('fa3b2dfc232f00d5f37415e0001bcdddb7737d93', '2023-01-04 13:31:00', 'bearer', 'd6e57ccf-9261-4ec7-a8da-bd9494871e4e', '76fab939-dc95-4fd6-bcca-e469ad42edd8', NULL, NULL, 1),
('faa31880ca14723128aed3830312a0a7acc65faf', '2023-01-21 17:40:45', 'bearer', 'd6e57ccf-9261-4ec7-a8da-bd9494871e4e', 'f60db722-c387-4615-bf8d-8c5c3c84098b', NULL, NULL, 1),
('fb2097e4e5cda918a2dac851ec9b5701d142c09a', '2023-01-09 10:31:39', 'bearer', 'd6e57ccf-9261-4ec7-a8da-bd9494871e4e', '76fab939-dc95-4fd6-bcca-e469ad42edd8', NULL, NULL, 1),
('fe59a62e3af1eb861c9b90fd980f578950ebe0ef', '2023-01-20 17:19:11', 'bearer', 'd6e57ccf-9261-4ec7-a8da-bd9494871e4e', '76fab939-dc95-4fd6-bcca-e469ad42edd8', NULL, NULL, 1),
('ffe10c6648da73b33ace41f1d2a15ebb1f804ecb', '2023-01-08 09:25:20', 'bearer', 'd6e57ccf-9261-4ec7-a8da-bd9494871e4e', '76fab939-dc95-4fd6-bcca-e469ad42edd8', NULL, NULL, 1);

-- --------------------------------------------------------

--
-- Table structure for table `oauth_scope`
--

CREATE TABLE `oauth_scope` (
  `id` int(11) NOT NULL,
  `scope` varchar(255) DEFAULT NULL,
  `is_default` tinyint(1) DEFAULT NULL
) ENGINE=InnoDB DEFAULT CHARSET=latin1;

-- --------------------------------------------------------

--
-- Table structure for table `organization`
--

CREATE TABLE `organization` (
  `id` varchar(36) NOT NULL,
  `name` varchar(64) DEFAULT NULL,
  `description` text,
  `website` varchar(2000) DEFAULT NULL,
  `image` varchar(255) DEFAULT 'default'
) ENGINE=InnoDB DEFAULT CHARSET=latin1;

--
-- Dumping data for table `organization`
--

INSERT INTO `organization` (`id`, `name`, `description`, `website`, `image`) VALUES
('51881a60-0f2e-44a7-ad5f-9f063d68d6d6', 'test_org', 'a test organization', NULL, 'default');

-- --------------------------------------------------------

--
-- Table structure for table `pep_proxy`
--

CREATE TABLE `pep_proxy` (
  `id` varchar(255) NOT NULL,
  `password` varchar(40) DEFAULT NULL,
  `oauth_client_id` varchar(36) DEFAULT NULL,
  `salt` varchar(255) DEFAULT NULL
) ENGINE=InnoDB DEFAULT CHARSET=latin1;

--
-- Dumping data for table `pep_proxy`
--

INSERT INTO `pep_proxy` (`id`, `password`, `oauth_client_id`, `salt`) VALUES
('pep_proxy_6b7a2797-000c-4690-b583-4975aa1046d7', 'e82742c54b27ba95823a4c8849deabb89073909e', 'd6e57ccf-9261-4ec7-a8da-bd9494871e4e', '92ee0ff8f4645ae3');

-- --------------------------------------------------------

--
-- Table structure for table `permission`
--

CREATE TABLE `permission` (
  `id` varchar(36) NOT NULL,
  `name` varchar(255) DEFAULT NULL,
  `description` text,
  `is_internal` tinyint(1) DEFAULT '0',
  `action` varchar(255) DEFAULT NULL,
  `resource` varchar(255) DEFAULT NULL,
  `xml` text,
  `oauth_client_id` varchar(36) DEFAULT NULL,
  `is_regex` tinyint(1) NOT NULL DEFAULT '0'
) ENGINE=InnoDB DEFAULT CHARSET=latin1;

--
-- Dumping data for table `permission`
--

INSERT INTO `permission` (`id`, `name`, `description`, `is_internal`, `action`, `resource`, `xml`, `oauth_client_id`, `is_regex`) VALUES
('1', 'Get and assign all internal application roles', NULL, 1, NULL, NULL, NULL, 'idm_admin_app', 0),
('2', 'Manage the application', NULL, 1, NULL, NULL, NULL, 'idm_admin_app', 0),
('3', 'Manage roles', NULL, 1, NULL, NULL, NULL, 'idm_admin_app', 0),
('4', 'Manage authorizations', NULL, 1, NULL, NULL, NULL, 'idm_admin_app', 0),
('5', 'Get and assign all public application roles', NULL, 1, NULL, NULL, NULL, 'idm_admin_app', 0),
('6', 'Get and assign only public owned roles', NULL, 1, NULL, NULL, NULL, 'idm_admin_app', 0);

-- --------------------------------------------------------

--
-- Table structure for table `ptp`
--

CREATE TABLE `ptp` (
  `id` int(11) NOT NULL,
  `previous_job_id` varchar(255) NOT NULL,
  `oauth_client_id` varchar(36) DEFAULT NULL
) ENGINE=InnoDB DEFAULT CHARSET=latin1;

-- --------------------------------------------------------

--
-- Table structure for table `role`
--

CREATE TABLE `role` (
  `id` varchar(36) NOT NULL,
  `name` varchar(64) DEFAULT NULL,
  `is_internal` tinyint(1) DEFAULT '0',
  `oauth_client_id` varchar(36) DEFAULT NULL
) ENGINE=InnoDB DEFAULT CHARSET=latin1;

--
-- Dumping data for table `role`
--

INSERT INTO `role` (`id`, `name`, `is_internal`, `oauth_client_id`) VALUES
('108d3638-fe2f-48e8-b2fa-321a2ed5e63a', 'User', 0, 'd6e57ccf-9261-4ec7-a8da-bd9494871e4e'),
('440d957b-fcef-4f40-a068-d4d12bf759ba', 'ProductSeller', 0, 'd6e57ccf-9261-4ec7-a8da-bd9494871e4e'),
('49b68996-5710-44b7-a69a-790d78b46e81', 'Admin', 0, 'd6e57ccf-9261-4ec7-a8da-bd9494871e4e'),
('provider', 'Provider', 1, 'idm_admin_app'),
('purchaser', 'Purchaser', 1, 'idm_admin_app');

-- --------------------------------------------------------

--
-- Table structure for table `role_assignment`
--

CREATE TABLE `role_assignment` (
  `id` int(11) NOT NULL,
  `role_organization` varchar(255) DEFAULT NULL,
  `oauth_client_id` varchar(36) DEFAULT NULL,
  `role_id` varchar(36) DEFAULT NULL,
  `organization_id` varchar(36) DEFAULT NULL,
  `user_id` varchar(36) DEFAULT NULL
) ENGINE=InnoDB DEFAULT CHARSET=latin1;

--
-- Dumping data for table `role_assignment`
--

INSERT INTO `role_assignment` (`id`, `role_organization`, `oauth_client_id`, `role_id`, `organization_id`, `user_id`) VALUES
(4, NULL, 'd6e57ccf-9261-4ec7-a8da-bd9494871e4e', 'provider', NULL, 'admin');

-- --------------------------------------------------------

--
-- Table structure for table `role_permission`
--

CREATE TABLE `role_permission` (
  `id` int(11) NOT NULL,
  `role_id` varchar(36) DEFAULT NULL,
  `permission_id` varchar(36) DEFAULT NULL
) ENGINE=InnoDB DEFAULT CHARSET=latin1;

--
-- Dumping data for table `role_permission`
--

INSERT INTO `role_permission` (`id`, `role_id`, `permission_id`) VALUES
(1, 'provider', '1'),
(2, 'provider', '2'),
(3, 'provider', '3'),
(4, 'provider', '4'),
(5, 'provider', '5'),
(6, 'provider', '6'),
(7, 'purchaser', '5');

-- --------------------------------------------------------

--
-- Table structure for table `role_usage_policy`
--

CREATE TABLE `role_usage_policy` (
  `id` int(11) NOT NULL,
  `role_id` varchar(36) DEFAULT NULL,
  `usage_policy_id` varchar(36) DEFAULT NULL
) ENGINE=InnoDB DEFAULT CHARSET=latin1;

-- --------------------------------------------------------

--
-- Table structure for table `SequelizeMeta`
--

CREATE TABLE `SequelizeMeta` (
  `name` varchar(255) COLLATE utf8_unicode_ci NOT NULL
) ENGINE=InnoDB DEFAULT CHARSET=utf8 COLLATE=utf8_unicode_ci;

--
-- Dumping data for table `SequelizeMeta`
--

INSERT INTO `SequelizeMeta` (`name`) VALUES
('201802190000-CreateUserTable.js'),
('201802190003-CreateUserRegistrationProfileTable.js'),
('201802190005-CreateOrganizationTable.js'),
('201802190008-CreateOAuthClientTable.js'),
('201802190009-CreateUserAuthorizedApplicationTable.js'),
('201802190010-CreateRoleTable.js'),
('201802190015-CreatePermissionTable.js'),
('201802190020-CreateRoleAssignmentTable.js'),
('201802190025-CreateRolePermissionTable.js'),
('201802190030-CreateUserOrganizationTable.js'),
('201802190035-CreateIotTable.js'),
('201802190040-CreatePepProxyTable.js'),
('201802190045-CreateAuthZForceTable.js'),
('201802190050-CreateAuthTokenTable.js'),
('201802190060-CreateOAuthAuthorizationCodeTable.js'),
('201802190065-CreateOAuthAccessTokenTable.js'),
('201802190070-CreateOAuthRefreshTokenTable.js'),
('201802190075-CreateOAuthScopeTable.js'),
('20180405125424-CreateUserTourAttribute.js'),
('20180612134640-CreateEidasTable.js'),
('20180727101745-CreateUserEidasIdAttribute.js'),
('20180730094347-CreateTrustedApplicationsTable.js'),
('20180828133454-CreatePasswordSalt.js'),
('20180921104653-CreateEidasNifColumn.js'),
('20180922140934-CreateOauthTokenType.js'),
('20181022103002-CreateEidasTypeAndAttributes.js'),
('20181108144720-RevokeToken.js'),
('20181113121450-FixExtraAndScopeAttribute.js'),
('20181203120316-FixTokenTypesLength.js'),
('20190116101526-CreateSignOutUrl.js'),
('20190316203230-CreatePermissionIsRegex.js'),
('20190429164755-CreateUsagePolicyTable.js'),
('20190507112246-CreateRoleUsagePolicyTable.js'),
('20190507112259-CreatePtpTable.js');

-- --------------------------------------------------------

--
-- Table structure for table `trusted_application`
--

CREATE TABLE `trusted_application` (
  `id` int(11) NOT NULL,
  `oauth_client_id` varchar(36) DEFAULT NULL,
  `trusted_oauth_client_id` varchar(36) DEFAULT NULL
) ENGINE=InnoDB DEFAULT CHARSET=latin1;

-- --------------------------------------------------------

--
-- Table structure for table `usage_policy`
--

CREATE TABLE `usage_policy` (
  `id` varchar(36) NOT NULL,
  `name` varchar(255) CHARACTER SET utf8mb4 COLLATE utf8mb4_unicode_ci DEFAULT NULL,
  `description` text CHARACTER SET utf8mb4 COLLATE utf8mb4_unicode_ci,
  `type` enum('COUNT_POLICY','AGGREGATION_POLICY','CUSTOM_POLICY') DEFAULT NULL,
  `parameters` json DEFAULT NULL,
  `punishment` enum('KILL_JOB','UNSUBSCRIBE','MONETIZE') DEFAULT NULL,
  `from` time DEFAULT NULL,
  `to` time DEFAULT NULL,
  `odrl` text CHARACTER SET utf8mb4 COLLATE utf8mb4_unicode_ci,
  `oauth_client_id` varchar(36) DEFAULT NULL
) ENGINE=InnoDB DEFAULT CHARSET=latin1;

-- --------------------------------------------------------

--
-- Table structure for table `user`
--

CREATE TABLE `user` (
  `id` varchar(36) NOT NULL,
  `username` varchar(64) DEFAULT NULL,
  `description` text,
  `website` varchar(2000) DEFAULT NULL,
  `image` varchar(255) DEFAULT 'default',
  `gravatar` tinyint(1) DEFAULT '0',
  `email` varchar(255) DEFAULT NULL,
  `password` varchar(40) DEFAULT NULL,
  `date_password` datetime DEFAULT NULL,
  `enabled` tinyint(1) DEFAULT '0',
  `admin` tinyint(1) DEFAULT '0',
  `extra` json DEFAULT NULL,
  `scope` varchar(2000) DEFAULT NULL,
  `starters_tour_ended` tinyint(1) DEFAULT '0',
  `eidas_id` varchar(255) DEFAULT NULL,
  `salt` varchar(255) DEFAULT NULL
) ENGINE=InnoDB DEFAULT CHARSET=latin1;

--
-- Dumping data for table `user`
--

INSERT INTO `user` (`id`, `username`, `description`, `website`, `image`, `gravatar`, `email`, `password`, `date_password`, `enabled`, `admin`, `extra`, `scope`, `starters_tour_ended`, `eidas_id`, `salt`) VALUES
('01df6d2a-2136-4344-82b7-192b0a9670bf', 'KT', 'ProductSeller', NULL, 'default', 0, 'KT@tuc.gr', 'edb54faaebc833745629c2da8128df35744cc6b3', '2022-12-29 15:02:07', 1, 0, NULL, NULL, 0, NULL, '7e5e99ea9f6182be'),
('76fab939-dc95-4fd6-bcca-e469ad42edd8', 'fku', 'ProductSeller', NULL, 'default', 0, 'fku@tuc.gr', 'f774e1da8f2716173cf2d0297502c5c538f78d50', '2022-12-21 12:39:04', 1, 0, NULL, NULL, 0, NULL, 'ecbdb9c448c8e46d'),
('admin', 'admin', NULL, NULL, 'default', 0, 'l@tuc.gr', '83529d1644f1f9de6bc9836a7d47f5ae7b615e31', '2022-12-15 17:48:59', 1, 1, NULL, NULL, 0, NULL, 'dda550e7d6ae8193'),
('f60db722-c387-4615-bf8d-8c5c3c84098b', 'sku', 'User', NULL, 'default', 0, 'sku@tuc.gr', '8aad9f5fb37a7583ba5e34135d5a5128807ec7f1', '2022-12-21 12:40:50', 1, 0, NULL, NULL, 0, NULL, '26e34065ae25b657');

-- --------------------------------------------------------

--
-- Table structure for table `user_authorized_application`
--

CREATE TABLE `user_authorized_application` (
  `id` int(11) NOT NULL,
  `user_id` varchar(36) DEFAULT NULL,
  `oauth_client_id` varchar(36) DEFAULT NULL
) ENGINE=InnoDB DEFAULT CHARSET=latin1;

--
-- Dumping data for table `user_authorized_application`
--

INSERT INTO `user_authorized_application` (`id`, `user_id`, `oauth_client_id`) VALUES
(4, '76fab939-dc95-4fd6-bcca-e469ad42edd8', 'd6e57ccf-9261-4ec7-a8da-bd9494871e4e'),
(5, 'f60db722-c387-4615-bf8d-8c5c3c84098b', 'd6e57ccf-9261-4ec7-a8da-bd9494871e4e'),
(6, '01df6d2a-2136-4344-82b7-192b0a9670bf', 'd6e57ccf-9261-4ec7-a8da-bd9494871e4e');

-- --------------------------------------------------------

--
-- Table structure for table `user_organization`
--

CREATE TABLE `user_organization` (
  `id` int(11) NOT NULL,
  `role` varchar(10) DEFAULT NULL,
  `user_id` varchar(36) DEFAULT NULL,
  `organization_id` varchar(36) DEFAULT NULL
) ENGINE=InnoDB DEFAULT CHARSET=latin1;

--
-- Dumping data for table `user_organization`
--

INSERT INTO `user_organization` (`id`, `role`, `user_id`, `organization_id`) VALUES
(1, 'owner', 'admin', '51881a60-0f2e-44a7-ad5f-9f063d68d6d6');

-- --------------------------------------------------------

--
-- Table structure for table `user_registration_profile`
--

CREATE TABLE `user_registration_profile` (
  `id` int(11) NOT NULL,
  `activation_key` varchar(255) DEFAULT NULL,
  `activation_expires` datetime DEFAULT NULL,
  `reset_key` varchar(255) DEFAULT NULL,
  `reset_expires` datetime DEFAULT NULL,
  `verification_key` varchar(255) DEFAULT NULL,
  `verification_expires` datetime DEFAULT NULL,
  `user_email` varchar(255) DEFAULT NULL
) ENGINE=InnoDB DEFAULT CHARSET=latin1;

--
-- Indexes for dumped tables
--

--
-- Indexes for table `authzforce`
--
ALTER TABLE `authzforce`
  ADD PRIMARY KEY (`az_domain`),
  ADD KEY `oauth_client_id` (`oauth_client_id`);

--
-- Indexes for table `auth_token`
--
ALTER TABLE `auth_token`
  ADD PRIMARY KEY (`access_token`),
  ADD UNIQUE KEY `access_token` (`access_token`),
  ADD KEY `user_id` (`user_id`),
  ADD KEY `pep_proxy_id` (`pep_proxy_id`);

--
-- Indexes for table `eidas_credentials`
--
ALTER TABLE `eidas_credentials`
  ADD PRIMARY KEY (`id`),
  ADD UNIQUE KEY `id` (`id`),
  ADD UNIQUE KEY `oauth_client_id` (`oauth_client_id`);

--
-- Indexes for table `iot`
--
ALTER TABLE `iot`
  ADD PRIMARY KEY (`id`),
  ADD KEY `oauth_client_id` (`oauth_client_id`);

--
-- Indexes for table `oauth_access_token`
--
ALTER TABLE `oauth_access_token`
  ADD PRIMARY KEY (`access_token`),
  ADD UNIQUE KEY `access_token` (`access_token`),
  ADD KEY `oauth_client_id` (`oauth_client_id`),
  ADD KEY `user_id` (`user_id`),
  ADD KEY `iot_id` (`iot_id`),
  ADD KEY `refresh_token` (`refresh_token`),
  ADD KEY `authorization_code_at` (`authorization_code`);

--
-- Indexes for table `oauth_authorization_code`
--
ALTER TABLE `oauth_authorization_code`
  ADD PRIMARY KEY (`authorization_code`),
  ADD UNIQUE KEY `authorization_code` (`authorization_code`),
  ADD KEY `oauth_client_id` (`oauth_client_id`),
  ADD KEY `user_id` (`user_id`);

--
-- Indexes for table `oauth_client`
--
ALTER TABLE `oauth_client`
  ADD PRIMARY KEY (`id`),
  ADD UNIQUE KEY `id` (`id`);

--
-- Indexes for table `oauth_refresh_token`
--
ALTER TABLE `oauth_refresh_token`
  ADD PRIMARY KEY (`refresh_token`),
  ADD UNIQUE KEY `refresh_token` (`refresh_token`),
  ADD KEY `oauth_client_id` (`oauth_client_id`),
  ADD KEY `user_id` (`user_id`),
  ADD KEY `iot_id` (`iot_id`),
  ADD KEY `authorization_code_rt` (`authorization_code`);

--
-- Indexes for table `oauth_scope`
--
ALTER TABLE `oauth_scope`
  ADD PRIMARY KEY (`id`),
  ADD UNIQUE KEY `id` (`id`);

--
-- Indexes for table `organization`
--
ALTER TABLE `organization`
  ADD PRIMARY KEY (`id`),
  ADD UNIQUE KEY `id` (`id`);

--
-- Indexes for table `pep_proxy`
--
ALTER TABLE `pep_proxy`
  ADD PRIMARY KEY (`id`),
  ADD KEY `oauth_client_id` (`oauth_client_id`);

--
-- Indexes for table `permission`
--
ALTER TABLE `permission`
  ADD PRIMARY KEY (`id`),
  ADD UNIQUE KEY `id` (`id`),
  ADD KEY `oauth_client_id` (`oauth_client_id`);

--
-- Indexes for table `ptp`
--
ALTER TABLE `ptp`
  ADD PRIMARY KEY (`id`,`previous_job_id`),
  ADD KEY `oauth_client_id` (`oauth_client_id`);

--
-- Indexes for table `role`
--
ALTER TABLE `role`
  ADD PRIMARY KEY (`id`),
  ADD UNIQUE KEY `id` (`id`),
  ADD KEY `oauth_client_id` (`oauth_client_id`);

--
-- Indexes for table `role_assignment`
--
ALTER TABLE `role_assignment`
  ADD PRIMARY KEY (`id`),
  ADD KEY `oauth_client_id` (`oauth_client_id`),
  ADD KEY `role_id` (`role_id`),
  ADD KEY `organization_id` (`organization_id`),
  ADD KEY `user_id` (`user_id`);

--
-- Indexes for table `role_permission`
--
ALTER TABLE `role_permission`
  ADD PRIMARY KEY (`id`),
  ADD KEY `role_id` (`role_id`),
  ADD KEY `permission_id` (`permission_id`);

--
-- Indexes for table `role_usage_policy`
--
ALTER TABLE `role_usage_policy`
  ADD PRIMARY KEY (`id`),
  ADD KEY `role_id` (`role_id`),
  ADD KEY `usage_policy_id` (`usage_policy_id`);

--
-- Indexes for table `SequelizeMeta`
--
ALTER TABLE `SequelizeMeta`
  ADD PRIMARY KEY (`name`),
  ADD UNIQUE KEY `name` (`name`);

--
-- Indexes for table `trusted_application`
--
ALTER TABLE `trusted_application`
  ADD PRIMARY KEY (`id`),
  ADD KEY `oauth_client_id` (`oauth_client_id`),
  ADD KEY `trusted_oauth_client_id` (`trusted_oauth_client_id`);

--
-- Indexes for table `usage_policy`
--
ALTER TABLE `usage_policy`
  ADD PRIMARY KEY (`id`),
  ADD KEY `oauth_client_id` (`oauth_client_id`);

--
-- Indexes for table `user`
--
ALTER TABLE `user`
  ADD PRIMARY KEY (`id`),
  ADD UNIQUE KEY `id` (`id`),
  ADD UNIQUE KEY `email` (`email`);

--
-- Indexes for table `user_authorized_application`
--
ALTER TABLE `user_authorized_application`
  ADD PRIMARY KEY (`id`),
  ADD KEY `user_id` (`user_id`),
  ADD KEY `oauth_client_id` (`oauth_client_id`);

--
-- Indexes for table `user_organization`
--
ALTER TABLE `user_organization`
  ADD PRIMARY KEY (`id`),
  ADD KEY `user_id` (`user_id`),
  ADD KEY `organization_id` (`organization_id`);

--
-- Indexes for table `user_registration_profile`
--
ALTER TABLE `user_registration_profile`
  ADD PRIMARY KEY (`id`),
  ADD KEY `user_email` (`user_email`);

--
-- AUTO_INCREMENT for dumped tables
--

--
-- AUTO_INCREMENT for table `oauth_scope`
--
ALTER TABLE `oauth_scope`
  MODIFY `id` int(11) NOT NULL AUTO_INCREMENT;

--
-- AUTO_INCREMENT for table `ptp`
--
ALTER TABLE `ptp`
  MODIFY `id` int(11) NOT NULL AUTO_INCREMENT;

--
-- AUTO_INCREMENT for table `role_assignment`
--
ALTER TABLE `role_assignment`
  MODIFY `id` int(11) NOT NULL AUTO_INCREMENT, AUTO_INCREMENT=5;

--
-- AUTO_INCREMENT for table `role_permission`
--
ALTER TABLE `role_permission`
  MODIFY `id` int(11) NOT NULL AUTO_INCREMENT, AUTO_INCREMENT=8;

--
-- AUTO_INCREMENT for table `role_usage_policy`
--
ALTER TABLE `role_usage_policy`
  MODIFY `id` int(11) NOT NULL AUTO_INCREMENT;

--
-- AUTO_INCREMENT for table `trusted_application`
--
ALTER TABLE `trusted_application`
  MODIFY `id` int(11) NOT NULL AUTO_INCREMENT;

--
-- AUTO_INCREMENT for table `user_authorized_application`
--
ALTER TABLE `user_authorized_application`
  MODIFY `id` int(11) NOT NULL AUTO_INCREMENT, AUTO_INCREMENT=7;

--
-- AUTO_INCREMENT for table `user_organization`
--
ALTER TABLE `user_organization`
  MODIFY `id` int(11) NOT NULL AUTO_INCREMENT, AUTO_INCREMENT=2;

--
-- AUTO_INCREMENT for table `user_registration_profile`
--
ALTER TABLE `user_registration_profile`
  MODIFY `id` int(11) NOT NULL AUTO_INCREMENT;

--
-- Constraints for dumped tables
--

--
-- Constraints for table `authzforce`
--
ALTER TABLE `authzforce`
  ADD CONSTRAINT `authzforce_ibfk_1` FOREIGN KEY (`oauth_client_id`) REFERENCES `oauth_client` (`id`) ON DELETE CASCADE;

--
-- Constraints for table `auth_token`
--
ALTER TABLE `auth_token`
  ADD CONSTRAINT `auth_token_ibfk_1` FOREIGN KEY (`user_id`) REFERENCES `user` (`id`) ON DELETE CASCADE,
  ADD CONSTRAINT `auth_token_ibfk_2` FOREIGN KEY (`pep_proxy_id`) REFERENCES `pep_proxy` (`id`) ON DELETE CASCADE;

--
-- Constraints for table `eidas_credentials`
--
ALTER TABLE `eidas_credentials`
  ADD CONSTRAINT `eidas_credentials_ibfk_1` FOREIGN KEY (`oauth_client_id`) REFERENCES `oauth_client` (`id`) ON DELETE CASCADE;

--
-- Constraints for table `iot`
--
ALTER TABLE `iot`
  ADD CONSTRAINT `iot_ibfk_1` FOREIGN KEY (`oauth_client_id`) REFERENCES `oauth_client` (`id`) ON DELETE CASCADE;

--
-- Constraints for table `oauth_access_token`
--
ALTER TABLE `oauth_access_token`
  ADD CONSTRAINT `authorization_code_at` FOREIGN KEY (`authorization_code`) REFERENCES `oauth_authorization_code` (`authorization_code`) ON DELETE CASCADE,
  ADD CONSTRAINT `oauth_access_token_ibfk_1` FOREIGN KEY (`oauth_client_id`) REFERENCES `oauth_client` (`id`) ON DELETE CASCADE,
  ADD CONSTRAINT `oauth_access_token_ibfk_2` FOREIGN KEY (`user_id`) REFERENCES `user` (`id`) ON DELETE CASCADE,
  ADD CONSTRAINT `oauth_access_token_ibfk_3` FOREIGN KEY (`iot_id`) REFERENCES `iot` (`id`) ON DELETE CASCADE,
  ADD CONSTRAINT `refresh_token` FOREIGN KEY (`refresh_token`) REFERENCES `oauth_refresh_token` (`refresh_token`) ON DELETE CASCADE;

--
-- Constraints for table `oauth_authorization_code`
--
ALTER TABLE `oauth_authorization_code`
  ADD CONSTRAINT `oauth_authorization_code_ibfk_1` FOREIGN KEY (`oauth_client_id`) REFERENCES `oauth_client` (`id`) ON DELETE CASCADE,
  ADD CONSTRAINT `oauth_authorization_code_ibfk_2` FOREIGN KEY (`user_id`) REFERENCES `user` (`id`) ON DELETE CASCADE;

--
-- Constraints for table `oauth_refresh_token`
--
ALTER TABLE `oauth_refresh_token`
  ADD CONSTRAINT `authorization_code_rt` FOREIGN KEY (`authorization_code`) REFERENCES `oauth_authorization_code` (`authorization_code`) ON DELETE CASCADE,
  ADD CONSTRAINT `oauth_refresh_token_ibfk_1` FOREIGN KEY (`oauth_client_id`) REFERENCES `oauth_client` (`id`) ON DELETE CASCADE,
  ADD CONSTRAINT `oauth_refresh_token_ibfk_2` FOREIGN KEY (`user_id`) REFERENCES `user` (`id`) ON DELETE CASCADE,
  ADD CONSTRAINT `oauth_refresh_token_ibfk_3` FOREIGN KEY (`iot_id`) REFERENCES `iot` (`id`) ON DELETE CASCADE;

--
-- Constraints for table `pep_proxy`
--
ALTER TABLE `pep_proxy`
  ADD CONSTRAINT `pep_proxy_ibfk_1` FOREIGN KEY (`oauth_client_id`) REFERENCES `oauth_client` (`id`) ON DELETE CASCADE;

--
-- Constraints for table `permission`
--
ALTER TABLE `permission`
  ADD CONSTRAINT `permission_ibfk_1` FOREIGN KEY (`oauth_client_id`) REFERENCES `oauth_client` (`id`) ON DELETE CASCADE;

--
-- Constraints for table `ptp`
--
ALTER TABLE `ptp`
  ADD CONSTRAINT `ptp_ibfk_1` FOREIGN KEY (`oauth_client_id`) REFERENCES `oauth_client` (`id`) ON DELETE CASCADE;

--
-- Constraints for table `role`
--
ALTER TABLE `role`
  ADD CONSTRAINT `role_ibfk_1` FOREIGN KEY (`oauth_client_id`) REFERENCES `oauth_client` (`id`) ON DELETE CASCADE;

--
-- Constraints for table `role_assignment`
--
ALTER TABLE `role_assignment`
  ADD CONSTRAINT `role_assignment_ibfk_1` FOREIGN KEY (`oauth_client_id`) REFERENCES `oauth_client` (`id`) ON DELETE CASCADE,
  ADD CONSTRAINT `role_assignment_ibfk_2` FOREIGN KEY (`role_id`) REFERENCES `role` (`id`) ON DELETE CASCADE,
  ADD CONSTRAINT `role_assignment_ibfk_3` FOREIGN KEY (`organization_id`) REFERENCES `organization` (`id`) ON DELETE CASCADE,
  ADD CONSTRAINT `role_assignment_ibfk_4` FOREIGN KEY (`user_id`) REFERENCES `user` (`id`) ON DELETE CASCADE;

--
-- Constraints for table `role_permission`
--
ALTER TABLE `role_permission`
  ADD CONSTRAINT `role_permission_ibfk_1` FOREIGN KEY (`role_id`) REFERENCES `role` (`id`) ON DELETE CASCADE,
  ADD CONSTRAINT `role_permission_ibfk_2` FOREIGN KEY (`permission_id`) REFERENCES `permission` (`id`) ON DELETE CASCADE;

--
-- Constraints for table `role_usage_policy`
--
ALTER TABLE `role_usage_policy`
  ADD CONSTRAINT `role_usage_policy_ibfk_1` FOREIGN KEY (`role_id`) REFERENCES `role` (`id`) ON DELETE CASCADE,
  ADD CONSTRAINT `role_usage_policy_ibfk_2` FOREIGN KEY (`usage_policy_id`) REFERENCES `usage_policy` (`id`) ON DELETE CASCADE;

--
-- Constraints for table `trusted_application`
--
ALTER TABLE `trusted_application`
  ADD CONSTRAINT `trusted_application_ibfk_1` FOREIGN KEY (`oauth_client_id`) REFERENCES `oauth_client` (`id`) ON DELETE CASCADE,
  ADD CONSTRAINT `trusted_application_ibfk_2` FOREIGN KEY (`trusted_oauth_client_id`) REFERENCES `oauth_client` (`id`) ON DELETE CASCADE;

--
-- Constraints for table `usage_policy`
--
ALTER TABLE `usage_policy`
  ADD CONSTRAINT `usage_policy_ibfk_1` FOREIGN KEY (`oauth_client_id`) REFERENCES `oauth_client` (`id`) ON DELETE CASCADE;

--
-- Constraints for table `user_authorized_application`
--
ALTER TABLE `user_authorized_application`
  ADD CONSTRAINT `user_authorized_application_ibfk_1` FOREIGN KEY (`user_id`) REFERENCES `user` (`id`) ON DELETE CASCADE,
  ADD CONSTRAINT `user_authorized_application_ibfk_2` FOREIGN KEY (`oauth_client_id`) REFERENCES `oauth_client` (`id`) ON DELETE CASCADE;

--
-- Constraints for table `user_organization`
--
ALTER TABLE `user_organization`
  ADD CONSTRAINT `user_organization_ibfk_1` FOREIGN KEY (`user_id`) REFERENCES `user` (`id`) ON DELETE CASCADE,
  ADD CONSTRAINT `user_organization_ibfk_2` FOREIGN KEY (`organization_id`) REFERENCES `organization` (`id`) ON DELETE CASCADE;

--
-- Constraints for table `user_registration_profile`
--
ALTER TABLE `user_registration_profile`
  ADD CONSTRAINT `user_registration_profile_ibfk_1` FOREIGN KEY (`user_email`) REFERENCES `user` (`email`) ON DELETE CASCADE ON UPDATE CASCADE;
COMMIT;

/*!40101 SET CHARACTER_SET_CLIENT=@OLD_CHARACTER_SET_CLIENT */;
/*!40101 SET CHARACTER_SET_RESULTS=@OLD_CHARACTER_SET_RESULTS */;
/*!40101 SET COLLATION_CONNECTION=@OLD_COLLATION_CONNECTION */;
